actual_weekly_sales,Linear Regression,Decision Tree,Random Forest,Gradient Boosting
1621031.7,1574383.4150958487,1899676.88,1766301.481199998,1367428.669070609
1935869.1,1975746.3276066578,2129035.91,2001124.575999999,1692102.5807645256
420789.74,427545.88179650554,503232.13,488892.7390000004,601138.8101469239
2105301.39,2148866.815023075,2470206.13,2340606.107799998,1904066.2040987008
351832.03,340301.7779566387,402985.7,374110.8784999999,504485.11552407016
1616394.45,1604320.8398509994,1840131.19,1735907.998299999,1341698.6598667826
517420.23,576629.3302716606,621425.98,595736.2418999997,762284.0251432919
909989.45,931523.634076902,1046816.59,981561.6814000014,974705.7951126783
578539.86,572761.6937444191,677885.99,635415.0765,747964.752428317
1974687.51,1949038.3416540304,1815760.42,1934834.578399998,1691037.7369972444
1472752.01,1388323.1924280534,1596325.01,1452970.7357000005,1130910.9793246142
1083811.19,1070466.7541887907,1088498.52,1092272.1592999985,948572.6262156132
2057637.86,2018435.388041136,2271614.76,2141275.3023999985,1741740.791314936
1912909.69,2071831.2194576429,2376022.26,2240527.100499997,1827799.1669440423
558585.13,577408.7739777421,659950.36,637652.4545999996,806788.1176961702
450756.71,513707.73220413993,444718.68,477423.9167999998,683638.4280764039
877055.32,856570.7457965207,986922.62,932292.6443000005,990828.6581737278
998443.5,1084299.2265797448,1197489.66,1163930.3714999987,990828.6581737278
1365098.46,1404849.8528083558,1631737.68,1546329.1152000022,1239767.7394870317
2045396.06,2112364.5299775964,2565259.92,2351283.1272999975,1974317.0029337246
769319.04,812722.5540481969,761956.58,753432.6970999991,952410.196597975
939118.24,1018254.6551577382,1197489.66,1126743.9631999987,990828.6581737278
1231752.54,1383671.531393116,1604605.69,1464750.208399999,1132201.0459675833
1285783.87,1277988.7937629349,1524734.29,1426455.109200001,1107808.9555903417
658691.56,704875.462640968,791356.9,755450.5493000001,887423.9163779834
889670.29,980226.721339284,1116829.23,1084148.0125000004,990828.6581737278
1650405.21,1732801.8829882252,1899013.34,1817873.5212,1569534.9165766628
1290684.95,1399788.8239256341,1559592.79,1432466.515600001,1175267.5791288335
520493.83,542834.2117597864,633826.55,576996.4658999997,790089.7008480203
428784.7,480677.0972060901,461511.92,449218.2215000005,620771.617946916
1407842.91,1440936.8033464416,1496169.81,1439270.9079000005,1201625.9966962044
1171834.47,1169574.6732514494,1270577.01,1164760.065700001,990828.6581737278
312698.67,286592.7427283644,251327.67,284054.4034,478384.28543388465
987353.65,947601.929282192,974114.39,1057313.4850000008,924516.5296629221
788633.42,889493.5666664424,860293.46,873565.347399999,964598.7159431594
339407.94,441933.7955348443,331026.11,327092.9317999998,565054.842035957
506973.17,569357.1591619069,564848.78,553669.8095000003,723998.6772486921
435790.74,430174.6478730028,499267.66,483948.71569999924,561923.8702655185
1580732.73,1472666.0129326158,1764847.94,1643543.0626999992,1198979.83185679
857811.17,961494.9765361982,1200815.3,1053826.6593000004,990828.6581737278
1323004.73,1244216.3713583276,1460234.31,1311367.6974000006,1039594.6642588794
639123.45,572283.3826189439,652312.11,624475.8572999998,772198.9926768228
665687.92,650750.3463516579,623258.4,639963.4574999998,808214.5306256757
311390.22,324359.5530496768,320021.1,319088.6715000002,503713.1877974391
781970.6,773282.367001502,899479.43,845965.030800001,964598.7159431594
1521577.87,1567360.2058100624,1899676.88,1755378.3662999978,1367428.669070609
1847344.45,1968683.3393816066,2129035.91,1997820.4514999988,1692102.5807645256
434822.13,421270.16393561685,503232.13,488892.7390000004,601138.8101469239
2144336.89,2142559.742642342,2470206.13,2344897.1272999984,1904066.2040987008
330063.06,332839.5621596116,402985.7,368793.6283999998,504485.11552407016
1456073.24,1597140.7871486694,1840131.19,1729651.5859999987,1341698.6598667826
457340.06,567945.9918927641,621425.98,596110.8782999996,762284.0251432919
872288.46,924854.785924417,1046816.59,979951.4479000013,974705.7951126783
542819.03,566309.4451684891,677885.99,633552.9515999999,747964.752428317
1777166.53,1943497.1034589678,1815760.42,1934572.8660999986,1691037.7369972444
1315356.99,1382052.2711636678,1596325.01,1452736.5240000007,1130910.9793246142
1006486.96,1065608.517764196,1088498.52,1091057.7557999983,948572.6262156132
1955689.12,2011025.5477470853,2271614.76,2146828.0560999983,1741740.791314936
1875686.44,2071385.3094292483,2376022.26,2197088.8933999985,1827799.1669440423
534780.57,576802.6221240286,560764.41,630616.6582999998,806788.1176961702
436221.26,504981.22445671505,410406.95,455683.0879999999,683638.4280764039
1119979.98,850220.953329666,986922.62,932443.5595000007,990828.6581737278
1025813.8,1084154.7983047287,1197489.66,1139449.9608999991,990828.6581737278
1255087.26,1404162.158814089,1631737.68,1517656.7199000015,1239767.7394870317
1884427.84,2113425.245070777,2565259.92,2301853.5769999977,1974317.0029337246
734858.91,805817.8535077495,718898.33,743692.3940999992,952410.196597975
1000342.87,1016118.0486102316,1197489.66,1121307.5216999988,990828.6581737278
1287899.41,1384299.355155107,1604605.69,1457926.8689999988,1132201.0459675833
1208654.4,1278078.148402178,1524734.29,1421735.7422000011,1107808.9555903417
661566.48,706036.9062607146,672831.78,734448.1116000001,887423.9163779834
923600.02,980456.4275915134,1197489.66,1074368.1219000001,990828.6581737278
1639999.47,1731959.107182174,1899013.34,1799505.8239000002,1569534.9165766628
1180797.2,1394930.5875010395,1559592.79,1416845.010500001,1175267.5791288335
525200.59,540670.416356944,633826.55,579904.9520999998,790089.7008480203
462909.41,473772.39666564297,449603.91,450961.8282000004,620771.617946916
1407036.59,1434032.1028059945,1496169.81,1438585.7982000005,1201625.9966962044
1121405.91,1160498.0139592944,1270577.01,1168125.4210000006,990828.6581737278
261837.2,282154.7217290262,251327.67,279930.8496,478384.28543388465
977628.78,939524.9127917972,1091020.37,1057393.7446000006,924516.5296629221
794660.24,888650.7908603912,917693.06,872572.368099999,964598.7159431594
323915.32,435010.6339989966,331026.11,325536.19739999983,565054.842035957
523483.19,562633.7646778189,564848.78,553547.2820000004,723998.6772486921
401615.8,425316.4114484079,499267.66,486033.7101999993,561923.8702655185
1433391.04,1466000.1776065654,1764847.94,1644771.3973999994,1198979.83185679
896979.93,962079.6309296608,1197489.66,1037013.4620000002,990828.6581737278
1220815.33,1234986.220978072,1460234.31,1313487.9062000006,1039594.6642588794
552529.23,566742.1444238813,652312.11,622128.4256999999,772198.9926768228
638144.98,643407.8177959183,658468.27,644601.5736000001,808214.5306256757
323233.8,316949.71275562607,320021.1,317951.8100000003,503713.1877974391
776661.74,772836.4569731073,899479.43,845278.8243000009,964598.7159431594
1468928.37,1562423.4175837098,1899676.88,1744657.3222999978,1367428.669070609
1764133.09,1964243.9919109547,2129035.91,1985337.0746999988,1692102.5807645256
394616.11,416764.292651566,503232.13,492473.57560000045,601138.8101469239
2064065.66,2140639.329727429,2470206.13,2326770.0375999985,1904066.2040987008
324839.74,328461.460381286,402985.7,364518.3602999997,504485.11552407016
1456221.1,1593356.6272377458,1840131.19,1722445.5577999994,1341698.6598667826
467827.75,566807.5143431027,621425.98,595567.4991000001,762284.0251432919
879448.25,922944.0639702326,1046816.59,964486.0179000008,974705.7951126783
550414.99,563574.4613496761,574985.37,629770.9060000001,747964.752428317
1712987.56,1943253.9947890036,1815760.42,1939694.5035999971,1691037.7369972444
1236238.29,1377589.5692481452,1300104.03,1448562.2779000008,1130910.9793246142
1004252.38,1064929.9836566206,1128765.71,1090156.6960999984,948572.6262156132
1970121.65,2011530.3563820303,2271614.76,2145896.0978999985,1741740.791314936
1784029.95,2060848.425202402,2376022.26,2230297.669299998,1827799.1669440423
527402.62,564602.9197607988,659950.36,623711.2791999996,806788.1176961702
398445.15,505708.622946779,479430.0,489272.3612999999,697271.3203617753
925916.65,849219.630662622,1007574.67,936262.3994000007,990828.6581737278
961186.23,1073376.1292253977,1197489.66,1150159.307399999,990828.6581737278
1285897.24,1392034.4053984063,1631737.68,1547064.6056000022,1239767.7394870317
1886503.93,2101675.3157482194,2565259.92,2348362.160899997,1974317.0029337246
674829.58,801728.6575818278,761956.58,757761.5696999994,952410.196597975
922539.94,1006834.327802812,1197489.66,1127186.1108999988,990828.6581737278
1277758.76,1372810.7897933098,1604605.69,1469961.8671999988,1132201.0459675833
1194334.65,1266410.868250798,1524734.29,1429818.425000001,1107808.9555903417
655157.32,694080.7232885219,791356.9,757695.0323000002,887423.9163779834
911969.0,971231.8557792029,1200815.3,1081837.9764,990828.6581737278
1565498.84,1721038.5062482138,1899013.34,1808167.1585,1569534.9165766628
1170456.16,1394252.053393464,1559592.79,1425620.0042000008,1175267.5791288335
497250.22,531359.5058075768,633826.55,575248.4082999998,790089.7008480203
433744.83,469683.20073972107,461511.92,444490.99890000053,620771.617946916
1311352.25,1429942.9068800726,1496169.81,1434893.0099000004,1201625.9966962044
1126962.44,1159560.9934627654,1270577.01,1167681.377600001,990828.6581737278
249798.75,280841.97203885973,251327.67,278121.9909,478384.28543388465
940299.87,939177.783529917,974114.39,1042926.0715000007,924516.5296629221
721212.45,877976.0570670583,860293.46,873510.5260999991,964598.7159431594
308389.82,428945.61395480577,331026.11,326707.78869999986,565054.842035957
528807.45,557075.8456111716,564848.78,549244.8104000002,723998.6772486921
419964.77,424637.8773408327,499267.66,486429.07399999927,561923.8702655185
1456997.2,1460384.6993818802,1764847.94,1639952.9224999994,1198979.83185679
875372.91,952576.8565201676,1197489.66,1040156.1588000007,990828.6581737278
1248950.65,1234759.096764009,1460234.31,1317997.7587000008,1039594.6642588794
526625.49,566499.0357539172,652312.11,612627.1295999998,772198.9926768228
593138.59,643480.729014612,623258.4,634156.9422999999,808214.5306256757
330338.36,317454.521390571,320021.1,321735.1541000001,503713.1877974391
711571.88,762299.5727462611,899479.43,847512.915700001,964598.7159431594
1684519.99,1580890.0895609912,1899676.88,1749805.2860999983,1367428.669070609
1923957.09,1983289.6458978779,2129035.91,1982867.8071999985,1692102.5807645256
439913.57,434189.3255580696,503232.13,501177.74320000055,601138.8101469239
2196968.33,2156450.0433306536,2470206.13,2321153.5596999982,1904066.2040987008
360932.69,346844.0731019471,402985.7,363182.77789999975,504485.11552407016
1543461.12,1610793.4743482978,1840131.19,1723291.5177999998,1341698.6598667826
465198.89,576729.162419873,621425.98,586229.3076,762284.0251432919
937232.09,939170.138372611,1046816.59,961107.5573000007,974705.7951126783
586289.08,580899.7081985767,574985.37,627951.0465000002,747964.752428317
1821364.42,1955315.108178556,1815760.42,1899115.5994999981,1691037.7369972444
1370251.22,1394798.7553120072,1300104.03,1429588.7487000013,1130910.9793246142
1073433.69,1077410.1788807155,1128765.71,1088267.4545999987,948572.6262156132
1995994.51,2019797.9870947888,2271614.76,2124642.7628999986,1741740.791314936
1949354.29,2076107.0757584628,2376022.26,2202522.7702999986,1827799.1669440423
577868.38,583232.3366124519,630522.67,617031.8521,806788.1176961702
426959.62,514555.8334068437,479430.0,483750.86889999994,683638.4280764039
930121.14,857554.4137264246,986922.62,912733.1264000006,990828.6581737278
1050027.89,1086986.264383801,1197489.66,1137669.1313999994,990828.6581737278
1405007.44,1410107.4170556942,1631737.68,1515096.1471000016,1239767.7394870317
2163510.89,2123218.0015429924,2565259.92,2285571.4699999983,1974317.0029337246
697645.32,820193.9233918696,761956.58,749207.8722,952410.196597975
1005083.31,1020519.6186681947,1197489.66,1105464.6469999992,990828.6581737278
1317379.68,1387394.6340418528,1604605.69,1466002.8309999988,1132201.0459675833
1306551.71,1281879.3280068752,1524734.29,1425541.9421000013,1107808.9555903417
696421.72,715364.3928721247,672831.78,721475.51,887423.9163779834
946573.29,983623.6554258063,1200815.3,1068180.6016000002,990828.6581737278
1669388.45,1735800.2764812573,1820723.17,1785997.1953999996,1569534.9165766628
1450628.85,1406732.248617559,1559592.79,1388663.6719000007,1175267.5791288335
504963.84,545017.6069310119,633826.55,579068.9445999998,790089.7008480203
454477.54,488148.466549763,461511.92,426589.73260000045,620771.617946916
1391257.28,1448408.1726901145,1496169.81,1442368.2274000002,1201625.9966962044
1187384.53,1170748.9430163673,1270577.01,1163005.057500001,990828.6581737278
270497.51,294078.2515716837,257031.19,278729.17490000016,478384.28543388465
991104.4,952532.6397235295,974114.39,1037004.4084000007,924516.5296629221
772036.6,892952.9610481503,860293.46,872615.2860999994,964598.7159431594
312467.52,446640.33002523193,331026.11,328424.67549999984,565054.842035957
535311.64,574954.962037068,502918.18,524286.8948000001,719786.4006661393
491755.69,437118.0725649274,499267.66,478104.98529999936,561923.8702655185
1512227.34,1478709.8992825695,1764847.94,1612407.2630999996,1198979.83185679
993311.59,965098.1642723561,1200815.3,1029961.3927000004,990828.6581737278
1359770.73,1245309.098982692,1460234.31,1318769.2490000005,1039594.6642588794
609274.89,578560.1491434695,652312.11,614118.4566999997,772198.9926768228
637964.2,657536.5849047536,623258.4,634770.1838999997,808214.5306256757
326053.28,325722.1521033293,320021.1,317324.5475,503713.1877974391
782300.68,777558.2233023217,899479.43,845467.7633000009,964598.7159431594
1611096.05,1574843.334615464,1899676.88,1752753.0032999981,1367428.669070609
1917520.99,1976723.4523627711,2129035.91,1984003.3725999985,1692102.5807645256
431985.36,426937.8472606577,503232.13,500696.01610000053,601138.8101469239
2127661.17,2144881.896022526,2470206.13,2330969.6661999985,1904066.2040987008
333870.52,339902.6349773796,402985.7,363840.71489999973,504485.11552407016
1517075.67,1603208.45619332,1840131.19,1728939.0788999991,1341698.6598667826
460397.41,571628.1589388081,621425.98,585118.1010999999,762284.0251432919
920128.89,929674.0435333874,1046816.59,960657.0033000007,974705.7951126783
592572.3,571864.8393575686,574985.37,628785.0635000002,747964.752428317
1792345.3,1946348.1711506068,1815760.42,1879660.1263999983,1691037.7369972444
1300147.07,1387729.5476817149,1300104.03,1423681.807800001,1130910.9793246142
1041995.22,1071249.3195536474,1128765.71,1084487.785599999,948572.6262156132
2080764.17,2014599.0164436793,2271614.76,2124011.1970999986,1741740.791314936
1987531.05,2073824.8615925342,2376022.26,2182856.8747999985,1827799.1669440423
579539.95,579703.0940793324,630522.67,614873.9452999999,806788.1176961702
479855.0,509008.746450986,479430.0,487824.41349999985,683638.4280764039
944100.3,851894.9698110127,907110.83,910484.6736000004,990828.6581737278
1060433.1,1085274.4922383975,1197489.66,1124969.1261999991,990828.6581737278
1442873.22,1407240.1048400095,1631737.68,1514854.0563000017,1239767.7394870317
2168097.11,2118264.576057783,2565259.92,2291482.4665999985,1974317.0029337246
649945.54,813373.5102420959,761956.58,749517.4392,952410.196597975
997868.63,1017966.8514110565,1197489.66,1102858.9597999994,990828.6581737278
1321914.34,1385318.3205622097,1604605.69,1462197.0824999989,1132201.0459675833
1355391.79,1279966.5384953173,1524734.29,1420644.231000001,1107808.9555903417
739866.16,710410.9673869153,672831.78,716645.7623000001,887423.9163779834
1062548.73,981451.4100161004,1197489.66,1074814.7761000001,990828.6581737278
1674306.31,1733305.5080691348,1814740.09,1791207.8281,1569534.9165766628
1264575.18,1400571.389290491,1559592.79,1388986.0456000003,1175267.5791288335
529707.87,542437.6508185382,633826.55,583619.8409999997,790089.7008480203
436070.45,481328.0533999894,461511.92,427172.8412000004,620771.617946916
1392938.06,1441587.7595403409,1496169.81,1446294.6213000002,1201625.9966962044
1187051.07,1162745.9986508968,1270577.01,1161729.3605000009,990828.6581737278
295841.84,284909.8574906022,279466.87,280873.5833000002,478384.28543388465
949625.52,945463.6999353563,974114.39,1039463.0709000006,924516.5296629221
802383.63,890350.6257620035,917693.06,868258.0717999996,964598.7159431594
330518.34,441296.4798624583,331026.11,328954.6148999998,565054.842035957
527983.04,569457.4449114023,502918.18,525589.6074000002,719786.4006661393
429914.6,430957.21323785954,499267.66,476088.53129999945,561923.8702655185
1470792.41,1472727.925910086,1764847.94,1616912.8033999994,1198979.83185679
967729.35,963295.2567933926,1197489.66,1029663.4352000001,990828.6581737278
1353285.1,1237426.0695298002,1460234.31,1318948.0806000005,1039594.6642588794
643603.69,569593.2121155204,652312.11,621090.2910999998,772198.9926768228
640159.04,647568.2667154076,623258.4,634403.5908999997,808214.5306256757
341381.08,320523.1814522201,320021.1,317324.5475,503713.1877974391
770487.37,775276.0091363932,899479.43,839666.4014000009,964598.7159431594
1595901.87,1567627.5066197338,1899676.88,1751147.7634999983,1367428.669070609
2000940.67,1969911.4162195646,2129035.91,1983460.7361999985,1692102.5807645256
418112.76,420015.7110979974,503232.13,501166.45490000054,601138.8101469239
2207214.81,2139234.972674905,2470206.13,2330154.3001999985,1904066.2040987008
336189.66,332896.43510152586,402985.7,364119.5896999998,504485.11552407016
1513635.64,1596602.698548407,1840131.19,1717989.4421999995,1341698.6598667826
468428.3,566008.0943799948,621425.98,585144.4356,762284.0251432919
913922.01,923715.9044618008,1046816.59,958310.8928000006,974705.7951126783
571463.93,565608.8413982238,619498.28,629845.4146000001,747964.752428317
1795152.73,1941842.4268700425,1815760.42,1871521.3928999987,1691037.7369972444
1352442.31,1380908.1400456207,1300104.03,1428574.9732000006,1130910.9793246142
1020486.05,1068865.234609739,1128765.71,1083044.2058999992,948572.6262156132
2131900.55,2011762.7323675412,2271614.76,2126194.1268999986,1741740.791314936
1932233.17,2070451.6860279795,2376022.26,2175196.6148999985,1827799.1669440423
600050.98,575868.3454333458,639928.85,616185.0090000001,806788.1176961702
493506.47,504491.89908789704,479430.0,497126.55219999986,697271.3203617753
968816.33,849543.1419816926,1007574.67,920029.3419000005,990828.6581737278
1047444.59,1081902.522419855,1197489.66,1111696.1448999995,990828.6581737278
1366937.1,1402863.3407891667,1631737.68,1512307.2287000015,1239767.7394870317
2039222.26,2111379.0684689027,2565259.92,2286455.7537999987,1974317.0029337246
700554.16,806983.5745911668,761956.58,750529.2133,952410.196597975
986612.02,1014768.1476596926,1197489.66,1085336.1003999999,990828.6581737278
1332952.47,1382258.129516372,1514435.51,1451230.5889999997,1147073.4652302095
1298809.8,1276031.0613227645,1524734.29,1422178.3351000014,1107808.9555903417
717207.19,704101.051378413,672831.78,714245.585,887423.9163779834
978082.84,978352.8461982374,1197489.66,1042973.3297000005,990828.6581737278
1707158.82,1730248.3966497234,1814740.09,1790877.958700001,1569534.9165766628
1213310.45,1398187.3043465824,1559592.79,1364136.7704000003,1175267.5791288335
543706.04,539214.3754915933,633826.55,584149.6570999996,790089.7008480203
460945.14,474938.1177490603,461511.92,426034.69260000036,620771.617946916
1441473.82,1435197.8238894115,1496169.81,1450205.1986000005,1201625.9966962044
1177539.71,1157696.7290759583,1175447.49,1156367.9713000006,990828.6581737278
276899.95,280226.6391394213,239431.85,273594.17650000023,477239.2618262292
998672.85,940900.8073974468,974114.39,1036208.3199000008,924516.5296629221
819196.68,887524.01478693,917693.06,871705.0486999995,964598.7159431594
324801.13,434261.8117023832,331026.11,328790.2852999998,565054.842035957
534847.96,562530.3436253518,564848.78,550336.1196000002,723998.6772486921
412314.71,428573.12829395104,499267.66,472332.7321999997,561923.8702655185
1522978.54,1465652.1301324377,1764847.94,1614704.5430999992,1198979.83185679
896295.41,960239.8623440579,1197489.66,1009902.8898000002,990828.6581737278
1331514.44,1233796.5925197941,1460234.31,1302690.4707000004,1039594.6642588794
590636.38,565087.467834956,544408.14,593476.1900999998,772198.9926768228
648541.81,644111.0696457775,623258.4,636733.8730999999,808214.5306256757
334042.43,317686.8973760817,320021.1,319498.44360000006,503713.1877974391
800842.28,771902.8335718384,899479.43,840355.0946000009,964598.7159431594
1555444.55,1565404.902712793,1899676.88,1746147.1079999984,1367428.669070609
1912791.09,1967704.9921725346,2129035.91,1982375.6972999987,1692102.5807645256
413701.29,417444.8034405783,528784.86,502025.2651000005,601138.8101469239
2154137.67,2137406.886188508,2470206.13,2330895.8569999984,1904066.2040987008
341994.48,331097.8228545864,402985.7,363737.6244999998,504485.11552407016
1603793.42,1594890.177697181,1840131.19,1724200.7986999995,1341698.6598667826
532739.77,560773.2645405489,621425.98,587838.3154,762284.0251432919
895157.44,923902.7977485126,1046816.59,955813.4364000005,974705.7951126783
547226.0,564940.9820793888,619498.28,628594.1027000002,747964.752428317
1830939.1,1937802.2012354527,1815760.42,1874203.0860999986,1691037.7369972444
1297335.87,1378198.1310896103,1300104.03,1422027.3832000014,1130910.9793246142
991514.21,1058507.2454539067,1025382.22,1074254.4195999992,948572.6262156132
2043349.41,2003312.3336444912,2271614.76,2126053.3304999988,1741740.791314936
2030869.61,2065105.0277015336,2376022.26,2177173.148899999,1827799.1669440423
693780.42,574440.1182313066,674669.16,650468.7293000001,806788.1176961702
518045.09,498983.66324777156,479430.0,500126.93349999987,697271.3203617753
984881.59,840517.1516782647,907110.83,915813.6434000003,990828.6581737278
1088446.58,1077600.1570056493,1197489.66,1106868.0412999997,990828.6581737278
1485540.28,1401363.1646395803,1631737.68,1544275.6257000011,1239767.7394870317
2114989.0,2109892.7192040076,2565259.92,2292326.8727999986,1974317.0029337246
722891.24,804849.0994916839,761956.58,746954.7992,952410.196597975
1047297.38,1009203.8179823871,1197489.66,1083910.9569999997,990828.6581737278
1552934.64,1380277.3168096908,1562161.97,1447900.4652000014,1161147.4762429942
1407897.57,1271513.8259726968,1524734.29,1422501.0589000015,1107808.9555903417
783371.02,702820.9557631536,672831.78,718723.6934,887423.9163779834
1067310.74,975240.0367168129,1197489.66,1041855.8236000005,990828.6581737278
1818906.73,1724282.1297729332,1814740.09,1792518.4047000008,1569534.9165766628
1151214.41,1387829.3151907502,1559592.79,1361566.2743000002,1175267.5791288335
549665.67,533626.5222145435,633826.55,584409.5753999996,790089.7008480203
449355.91,472803.64264957723,461511.92,424878.56160000025,620771.617946916
1397094.26,1433063.3487899287,1496169.81,1441607.2849000008,1201625.9966962044
1232784.22,1152984.7282553557,1175447.49,1151563.7270000007,990828.6581737278
261851.74,275342.2125202771,239431.85,276631.7800000001,477239.2618262292
1015737.61,938310.0620670492,1147906.46,1033088.6602000003,924516.5296629221
822167.17,881557.7479101398,917693.06,871080.9358999996,964598.7159431594
306098.17,431381.5861097374,331026.11,328319.70179999986,565054.842035957
540625.79,559527.1844623921,502918.18,524059.83080000005,719786.4006661393
422810.12,418215.1391381186,499267.66,468799.3824999997,561923.8702655185
1596036.66,1462989.5293212016,1764847.94,1603494.183399999,1198979.83185679
991054.49,958091.1687597665,1197489.66,1030639.0415000002,990828.6581737278
1424500.47,1227823.0868188632,1460234.31,1286195.8303000003,1039594.6642588794
535764.58,561047.2422003662,652312.11,612560.6873999998,772198.9926768228
597406.39,643512.9463605164,623258.4,633760.9478999999,808214.5306256757
343268.29,309236.4986530319,320021.1,320234.9623,503713.1877974391
817741.17,766556.1752453927,899479.43,839102.9698000008,964598.7159431594
1624477.58,1616167.598913442,1899676.88,1746759.3157999984,1367428.669070609
1910092.37,2018210.463119027,2129035.91,1985939.4412999984,1692102.5807645256
432268.53,469264.6004393969,500274.03,505135.16510000045,601138.8101469239
2179360.94,2187276.834894701,2470206.13,2274726.616799999,1904066.2040987008
359867.8,382222.1567339208,402985.7,363369.4555999998,504485.11552407016
1681121.38,1646215.7212883043,1840131.19,1734826.9392999995,1341698.6598667826
598495.02,613292.7924517902,670670.46,631917.5313000004,762284.0251432919
921161.2,975353.0138847956,1046816.59,964714.4065000005,974705.7951126783
583648.59,615608.3945576728,619498.28,629296.2400000002,747964.752428317
1767471.48,1981487.4216172397,1815760.42,1867666.3954999987,1691037.7369972444
1361595.33,1430142.639597511,1300104.03,1436011.7107000009,1130910.9793246142
981345.2,1104858.4557357759,1088498.52,1078275.6062999994,948572.6262156132
2035431.39,2051751.9292813942,1866369.93,2103790.2618999993,1741740.791314936
2049485.49,2118979.508748959,2376022.26,2203738.1636999995,1827799.1669440423
663971.26,624753.3602891845,674669.16,652020.9773000001,806788.1176961702
532311.93,550136.1611556152,581546.23,584384.1850999999,724402.9964852515
938914.28,888822.4426130797,894686.67,917078.3254000006,990828.6581737278
1118313.7,1130750.8545050411,1197489.66,1124122.1882999996,990828.6581737278
1450733.29,1452036.1514351945,1631737.68,1545720.3966000008,1239767.7394870317
2143126.59,2161977.1186322747,2565259.92,2313256.7057999973,1974317.0029337246
695439.83,855143.5201920377,794397.89,770795.4113999997,952410.196597975
1102857.37,1063183.8672940526,1197489.66,1086179.6415999995,990828.6581737278
1476144.34,1430478.1074596457,1562161.97,1477690.0490000003,1161147.4762429942
1467722.19,1324877.703406578,1554837.62,1498593.448799999,1134631.0992942047
694765.95,754051.5610138592,672831.78,720692.7763000001,887423.9163779834
1015853.03,1025690.2503849315,1197489.66,1043279.2862000004,990828.6581737278
1900638.6,1778931.035686887,1811455.15,1905992.0079000017,1569534.9165766628
1245480.95,1434180.5254726193,1559592.79,1350618.7818999996,1175267.5791288335
576252.35,587583.0479264646,633826.55,596404.3046999996,790089.7008480203
427021.18,523098.06334993104,461511.92,426452.19560000027,620771.617946916
1404516.29,1483357.7694902825,1496169.81,1438516.7313000006,1201625.9966962044
1157557.79,1204851.9190421687,1167757.0,1158074.1252000006,990828.6581737278
261131.09,319339.21167476894,239431.85,276091.37030000007,477239.2618262292
977062.44,987244.6744551281,1147906.46,1031952.8315000007,924516.5296629221
932195.52,936083.72025378,917693.06,887600.2547999993,964598.7159431594
306005.53,482806.70245643915,331026.11,328721.79589999985,565054.842035957
531811.85,610814.0005424914,502918.18,526233.7979000001,719786.4006661393
435579.7,464566.349419988,499267.66,458696.16979999957,561923.8702655185
1640476.77,1514381.87052437,1764847.94,1606867.6508999995,1198979.83185679
1037464.27,1008152.8581111301,1197489.66,1035489.1051000004,990828.6581737278
1374891.36,1279354.5158504555,1460234.31,1284705.1092000003,1039594.6642588794
521953.78,604732.4625821533,652312.11,607727.7978999999,772198.9926768228
605078.62,693161.268352771,623258.4,637060.0909999997,808214.5306256757
323410.94,357676.09428993496,320021.1,312974.67519999994,503713.1877974391
837144.63,820430.6562928179,899479.43,839155.5887000009,964598.7159431594
1697230.96,1610500.6869676576,1899676.88,1745564.2701999983,1367428.669070609
2010216.49,2012526.1548576313,2129035.91,1984569.7707999984,1692102.5807645256
446336.8,463460.4358758852,508567.04,503951.88660000043,601138.8101469239
2245257.18,2181156.4196951827,2470206.13,2274289.714399999,1904066.2040987008
341704.59,377008.01602715673,402985.7,363369.4555999998,504485.11552407016
1696619.52,1640425.7416598187,1438465.81,1709330.7965999993,1341698.6598667826
642963.75,611175.5744646005,653382.62,650339.9959,762284.0251432919
928820.0,967567.6120336903,1046816.59,962897.4068000007,974705.7951126783
582525.42,609107.5221414254,619498.28,627361.9854000002,747964.752428317
1840491.41,1980203.197221006,1815760.42,1869263.3620999989,1691037.7369972444
1414343.53,1424496.762718603,1300104.03,1433925.233700001,1130910.9793246142
1086231.47,1103531.0619710137,1128765.71,1080322.3063999992,948572.6262156132
2182437.9,2048208.5367184624,1866369.93,2095838.0598999995,1741740.791314936
2099615.88,2108359.524989388,2376022.26,2184180.476199998,1827799.1669440423
611390.67,614891.6515904325,537300.94,621616.6737000002,806788.1176961702
603618.89,547275.4707104373,592981.33,600728.6998999995,724402.9964852515
987990.24,884842.559768361,920719.98,928010.3501000006,990828.6581737278
1110479.94,1119064.661196324,1197489.66,1103397.4467999996,990828.6581737278
1390122.11,1442303.9508420276,1631737.68,1521745.2970000012,1239767.7394870317
2231962.13,2150603.1180982245,2565259.92,2293220.1998999985,1974317.0029337246
707895.72,849420.839158617,794397.89,771405.8992999998,952410.196597975
1061134.37,1053449.4293793458,1197489.66,1081594.4794999994,990828.6581737278
1568048.54,1420192.5203298482,1604605.69,1465594.9661999994,1132201.0459675833
1406313.13,1313289.2199666922,1524734.29,1422329.055700001,1107808.9555903417
730254.19,742965.3562699982,672831.78,715497.4336000001,887423.9163779834
1106176.83,1015558.1543432348,1197489.66,1043846.9296000004,990828.6581737278
1764756.31,1768570.021569036,1814740.09,1760158.7156000012,1569534.9165766628
1440687.69,1432853.1317078571,1559592.79,1357712.5860000001,1175267.5791288335
554093.15,577825.0864120136,633826.55,577817.1795,790089.7008480203
437222.94,517375.3823165102,461511.92,425536.2401000003,620771.617946916
1443285.79,1477635.0884568617,1496169.81,1437457.8964000007,1201625.9966962044
1246322.44,1202873.8023535702,1183740.91,1169055.786200001,990828.6581737278
286082.76,318323.59668271174,238172.66,260547.5204000001,477239.2618262292
999511.29,983158.0161729453,974916.13,1029932.1866000006,924516.5296629221
873415.01,925861.0064025319,917693.06,874006.6066999994,964598.7159431594
338273.38,477424.166729118,331026.11,328798.21389999986,565054.842035957
528940.78,605354.6313337241,502918.18,525524.0331000001,719786.4006661393
448110.25,463238.9556552258,499267.66,451825.9777999997,561923.8702655185
1623442.24,1508936.8911051124,1764847.94,1599219.1557999996,1198979.83185679
1079386.88,998073.524630968,1197489.66,1014354.3853000003,990828.6581737278
1436383.84,1277146.162529706,1460234.31,1286856.6258,1039594.6642588794
642671.48,603448.2381859196,652312.11,603170.4676999997,772198.9926768228
643032.51,689612.8864684905,623258.4,633368.0560999998,808214.5306256757
340238.38,354132.70172700286,320021.1,311267.9002999999,503713.1877974391
795133.0,809810.6725332467,899479.43,837964.475200001,964598.7159431594
1630607.0,1605419.7398694656,1899676.88,1743904.8158999982,1367428.669070609
1962924.3,2007839.2840664475,2129035.91,1987211.0434999985,1692102.5807645256
442074.79,459312.31157321297,544643.33,507018.17820000043,601138.8101469239
2234190.93,2176310.0928983456,2173373.91,2266694.000799999,1904066.2040987008
327383.64,371719.5908676281,402985.7,363369.4555999998,504485.11552407016
1642247.48,1635605.2559744923,1438465.81,1698310.8203999996,1341698.6598667826
666942.02,603379.3445939486,653382.62,652037.6534999999,762284.0251432919
916918.7,963347.4368230468,1046816.59,960181.1807000008,974705.7951126783
564606.1,605097.9928816736,619498.28,627392.5887000002,747964.752428317
1811562.88,1973252.2485943183,1815760.42,1868126.5909999989,1691037.7369972444
1417875.42,1420281.4860648867,1300104.03,1432365.3073000011,1130910.9793246142
1019555.51,1096292.317554137,1147636.96,1082691.792799999,948572.6262156132
2152229.11,2040209.1656131113,2048035.74,2099096.1938,1741740.791314936
1905733.68,2106599.7717239093,2376022.26,2201687.919899999,1827799.1669440423
636737.65,613702.4951499437,674669.16,646555.2595000003,806788.1176961702
570045.79,541239.5917564414,592981.33,603109.9871999995,724402.9964852515
964169.67,876166.868556066,894686.67,917612.8189000007,990828.6581737278
1057425.83,1117120.1335416988,1197489.66,1105772.6836999997,990828.6581737278
1440263.15,1440946.9135239285,1631737.68,1554631.9444000009,1239767.7394870317
2165160.29,2149724.1113517387,2565259.92,2302109.825599997,1974317.0029337246
727049.04,844815.5105079868,794397.89,768991.1513999999,952410.196597975
1061219.19,1050255.1976552093,1197489.66,1084019.2354999995,990828.6581737278
1543667.68,1418454.2463248584,1464295.69,1447997.1876000003,1161147.4762429942
1364445.98,1312100.0635262034,1527455.19,1421388.5030999996,1134631.0992942047
753860.89,742259.0269976257,672831.78,720692.6705,887423.9163779834
1029248.22,1014059.7101634026,1197489.66,1039222.6578000006,990828.6581737278
1773500.56,1766011.2461464573,1814740.09,1775866.8822000008,1569534.9165766628
1229760.97,1425614.3872909804,1559592.79,1353076.4467,1175267.5791288335
552338.76,574619.0538770601,633826.55,575286.4726999999,790089.7008480203
438523.24,512770.0536658801,461511.92,425706.72060000035,620771.617946916
1431003.43,1473029.7598062316,1496169.81,1437580.1512000007,1201625.9966962044
1234759.54,1196761.177855524,1183740.91,1167481.814300001,990828.6581737278
290444.31,311271.9195294578,238172.66,261201.09930000012,477239.2618262292
982345.51,977496.2679705727,974916.13,1027996.4742000006,924516.5296629221
848289.41,923056.363839326,917693.06,874241.9468999995,964598.7159431594
333146.88,472878.4606582117,331026.11,328070.33529999986,565054.842035957
508573.16,600086.6905372257,502504.39,524710.0630000002,719786.4006661393
430222.07,456000.2112383491,499267.66,446371.95629999967,561923.8702655185
1587499.82,1503457.9000624754,1764847.94,1597618.8352999995,1198979.83185679
977950.28,996191.3527308838,1197489.66,1019131.3132000006,990828.6581737278
1384584.59,1271052.7244176723,1460234.31,1286353.5934000001,1039594.6642588794
606309.13,596497.2895592318,652312.11,603270.0934999998,772198.9926768228
634815.1,684955.1474530443,623258.4,632520.8856999999,808214.5306256757
338400.82,346133.3306216521,320021.1,311899.48629999993,503713.1877974391
821498.18,808050.9192677683,899479.43,834609.276300001,964598.7159431594
1527845.81,1599431.6195022066,1899676.88,1743904.8158999982,1367428.669070609
1887733.21,2002540.0391946218,2129035.91,1984379.4822999984,1692102.5807645256
419497.95,452862.2904016697,508567.04,505326.70480000036,601138.8101469239
2197299.65,2170369.143580759,2173373.91,2262008.857499999,1904066.2040987008
325041.68,365681.68252337957,402985.7,363369.4555999998,504485.11552407016
1618272.25,1629654.0569477647,1438465.81,1681354.187799999,1341698.6598667826
687344.68,599091.9114519088,653382.62,650596.7811999999,762284.0251432919
899449.65,958658.0148196267,1046816.59,962669.1191000004,974705.7951126783
562173.12,599032.9291617572,619498.28,625508.2298000002,747964.752428317
1755334.18,1968959.980626596,1815760.42,1858354.0779999986,1691037.7369972444
1355680.3,1413951.379805922,1300104.03,1430592.427100001,1130910.9793246142
981386.25,1094076.9758722784,1045419.87,1074879.0664999997,948572.6262156132
2094373.0,2036887.6952060459,2048035.74,2100907.1412,1741740.791314936
1660228.88,2102257.931770686,2376022.26,2205609.346999999,1827799.1669440423
687085.6,611530.0704628469,635118.48,642616.1055000003,806788.1176961702
581745.72,537283.1237731188,554630.42,601501.1666999995,724402.9964852515
981210.57,872514.4329902832,940554.34,941673.1867000009,990828.6581737278
1080357.89,1113719.6042750045,1197489.66,1117548.1164999998,990828.6581737278
1468350.36,1439282.9280661657,1631737.68,1538963.734200001,1239767.7394870317
2060588.69,2146735.6933458997,2565259.92,2296671.350399997,1974317.0029337246
735870.0,839415.5371095949,771298.98,763687.7004999997,952410.196597975
1112449.3,1046698.055608748,1197489.66,1082615.2587999997,990828.6581737278
1522042.57,1416372.7810965304,1380952.05,1408758.5433999992,1161147.4762429942
1434709.63,1308694.913537797,1527455.19,1473099.272599999,1134631.0992942047
721601.9,739356.9477288439,672831.78,718826.3017000001,887423.9163779834
1056282.91,1011071.6881959792,1197489.66,1044231.6610000004,990828.6581737278
1837884.79,1762444.6867817808,2034400.78,1857236.3995000015,1569534.9165766628
1180671.55,1423399.045609122,1559592.79,1359575.3946000005,1175267.5791288335
581854.5,571079.4233117745,633826.55,589311.9071999998,790089.7008480203
428554.63,507370.08026748826,432359.04,424148.45340000023,620771.617946916
1394065.76,1467629.7864078397,1496169.81,1434511.8746000007,1201625.9966962044
1196880.11,1192272.2876603517,1183740.91,1165954.9334000007,990828.6581737278
261666.29,307924.581072856,238172.66,258428.3517000001,477239.2618262292
1000285.1,972361.1468655148,974916.13,1025321.8969000005,924516.5296629221
911696.0,919366.8709043358,917693.06,879860.4481999995,964598.7159431594
306411.01,466531.9766621995,331026.11,326806.1820999999,565054.842035957
484032.75,593709.4731486351,502918.18,525842.4877000002,719786.4006661393
405938.35,453784.86955649056,499267.66,436357.78999999986,561923.8702655185
1532316.79,1497205.3941829668,1764847.94,1595767.1920999994,1198979.83185679
1033552.18,993553.4823081903,1197489.66,1031150.6751000003,990828.6581737278
1386407.17,1265614.1081148763,1460234.31,1285258.7011000002,1039594.6642588794
540031.29,592205.0215915095,652312.11,599436.4767999997,768453.1915513092
613270.79,679253.0180152999,623258.4,630998.2889999998,808214.5306256757
336241.0,342811.8602145866,320021.1,311908.34309999994,503713.1877974391
822569.16,803709.0793145453,899479.43,815735.9767000008,964598.7159431594
1540421.49,1597216.7296949418,1899676.88,1738362.1150999984,1367428.669070609
1881046.12,1999742.9276960678,2129035.91,1992210.3760999981,1692102.5807645256
422965.33,449336.503095675,544643.33,505543.2521000002,601138.8101469239
2128362.92,2165789.9783876594,2173373.91,2250714.730199999,1904066.2040987008
329658.1,363479.36138027813,402985.7,361689.7806999997,504485.11552407016
1648863.46,1627284.2246209055,1438465.81,1666029.5704999994,1341698.6598667826
704335.41,596013.2110332341,653382.62,650851.4051999999,762284.0251432919
878298.22,956043.8291006975,1046816.59,958678.7950000006,974705.7951126783
544770.7,596664.3522310094,619498.28,621648.8816000001,747964.752428317
1707481.9,1964853.9788905077,1728399.07,1855721.735299999,1691037.7369972444
1297028.6,1410847.6929922046,1300104.03,1427210.7753000006,1130910.9793246142
943124.74,1088733.4522383776,1045419.87,1067622.5473999998,948572.6262156132
2037663.71,2035185.2471958706,1970341.38,2091440.0579,1741740.791314936
1591835.02,2097328.0651477478,2376022.26,2198838.9877999993,1827799.1669440423
624099.48,603487.4126878832,674669.16,646098.8630000001,806788.1176961702
570162.28,535043.8277424955,554630.42,600931.6828999994,724402.9964852515
982322.24,870394.6810843338,861894.77,941103.7341000007,990828.6581737278
1097006.3,1107846.8739956287,1197489.66,1109964.6518999997,990828.6581737278
1379652.65,1430981.2540800318,1631737.68,1554072.326400001,1239767.7394870317
2055952.61,2140247.713706321,2565259.92,2298469.705899997,1974317.0029337246
716341.39,837093.2886648525,823220.43,778646.9810000001,952410.196597975
1053881.78,1041349.8301396648,1197489.66,1076815.6580999997,990828.6581737278
1451782.16,1407219.178809,1464295.69,1445724.5436000004,1161147.4762429942
1428869.9,1302321.4713459294,1527455.19,1436895.0200999996,1134631.0992942047
718890.81,732235.8173508497,646915.47,731276.6742,887423.9163779834
1051190.44,1004441.0956691055,1197489.66,1039720.1748000004,990828.6581737278
1842555.32,1757300.849086169,2034400.78,1873948.9639000013,1569534.9165766628
1129031.98,1418055.521975221,1559592.79,1381917.8486000001,1175267.5791288335
555954.13,565748.7084372543,633826.55,590186.9931999998,790089.7008480203
423192.4,505047.83182274597,417528.26,422608.9595000002,620771.617946916
1349202.25,1465307.5379630974,1496169.81,1441028.4789000005,1201625.9966962044
1178211.81,1190128.9235597914,1183740.91,1163130.1151000008,990828.6581737278
244338.31,304279.05260107014,229731.98,248078.28599999993,475678.7068702592
942970.63,968002.6251115609,974916.13,1022506.0715000005,924516.5296629221
892133.41,914269.1332975917,917693.06,882747.9618999992,964598.7159431594
291530.43,464590.36072462774,330927.21,334700.6555000001,565054.842035957
508309.81,591383.6898038336,502504.39,525886.3162000001,719786.4006661393
404634.36,448441.34592258977,499267.66,437434.9657999998,561923.8702655185
1492388.98,1494687.7469780392,1764847.94,1595518.2530999992,1198979.83185679
988764.84,985690.1644800073,1197489.66,1031297.1360000005,990828.6581737278
1355600.01,1264698.6727191224,1460234.31,1286303.0558,1039594.6642588794
507403.77,588099.0198554214,652312.11,586358.5967999996,768453.1915513092
593128.13,674988.1766405153,623258.4,630102.7763999999,808214.5306256757
338386.08,341109.4122044111,324174.79,314742.06979999976,503713.1877974391
773367.71,798779.2126916067,899479.43,817724.9219000008,964598.7159431594
1769854.16,1591010.3036867217,1899676.88,1720304.992399998,1367428.669070609
2041507.4,1998870.0374137117,2129035.91,1972949.7974999985,1692102.5807645256
411206.5,448136.2318148379,619498.28,525519.4100999999,601138.8101469239
2224499.28,2158596.5408073105,2173373.91,2235382.833299999,1904066.2040987008
341214.43,354657.54966189247,402985.7,360126.5470999998,504485.11552407016
1876359.39,1623756.947732519,1438465.81,1673938.5182999996,1341698.6598667826
805642.61,588375.3259228457,653382.62,664447.1804,771384.0367252252
936205.5,952145.1760796574,1046816.59,933197.2660000006,974705.7951126783
578790.36,592024.885278156,619498.28,608231.6318,747964.752428317
1805999.79,1958499.5252962895,1815760.42,1826111.5274999996,1691037.7369972444
1461129.94,1409100.6097100084,1300104.03,1415695.6444000003,1130910.9793246142
1014898.78,1107971.6654932974,1240048.85,1048155.3936999998,948572.6262156132
2184980.35,2026599.5746801633,1970341.38,2087613.6094999998,1741740.791314936
1862128.95,2077525.0862201918,2376022.26,2145926.270799999,1827799.1669440423
678024.75,586415.4909758936,635118.48,631433.4610999997,806788.1176961702
641763.53,520375.46908400673,581758.22,614505.3755999996,724402.9964852515
1046782.52,867251.4627070857,861894.77,945514.8949000007,990828.6581737278
1158247.31,1081294.595287938,1197489.66,1069679.755,964598.7159431594
1557120.44,1414110.7894211744,1631737.68,1544179.5165000008,1239767.7394870317
2358055.3,2117937.0138122635,2565259.92,2286835.919299998,1974317.0029337246
693013.59,835899.0264167854,761956.58,748838.3146999996,952410.196597975
1097786.14,1022826.0040160484,1197489.66,1061034.4679999994,990828.6581737278
1545370.16,1391483.8468218371,1360520.56,1388571.382499999,1161147.4762429942
1645097.75,1289575.3232636603,1527455.19,1481528.375499999,1134631.0992942047
753385.55,710227.3030364907,639160.24,728105.6015999999,887423.9163779834
1180470.8,993575.7457902599,1197489.66,1019435.1569000009,990828.6581737278
2062224.92,1744351.8010785934,2034400.78,1839841.5465000009,1569534.9165766628
1500863.54,1437293.7352301409,1559592.79,1372225.7360999996,1175267.5791288335
578832.41,536927.874125872,506502.09,568327.0862999995,711709.5308362594
440553.42,503853.5695746788,544643.33,493296.6257999998,623185.2943354051
1458059.42,1464113.2757150303,1496169.81,1426902.6271000004,1201625.9966962044
1214183.97,1182922.7321346866,1199845.29,1153126.2059000009,990828.6581737278
273690.37,299645.99664208596,262159.13,255121.9549000001,475678.7068702592
1007867.68,963850.341139009,974916.13,1010721.4646000005,964598.7159431594
985479.64,902677.9853067226,917693.06,870043.6457999996,964598.7159431594
306578.89,464068.6914300064,508567.04,464030.50389999984,565054.842035957
519498.32,591138.6210424176,508567.04,524499.8516,719786.4006661393
471086.22,467679.5591775095,499267.66,425822.2931,561923.8702655185
1659221.99,1494677.7114452776,1764847.94,1586630.9387999997,1198979.83185679
1182901.56,969009.9029817239,1197489.66,1030082.4751000005,990828.6581737278
1456300.89,1252675.2031116602,1460234.31,1285776.1476999999,1039594.6642588794
618702.09,581744.5662612031,652312.11,580132.8925999996,768453.1915513092
645618.59,669750.5881007499,623258.4,634340.7269999998,886594.7006374365
358461.58,333256.75111276505,309543.52,310239.22819999984,503713.1877974391
843361.1,778976.2337640509,899479.43,804603.9287000005,964598.7159431594
1527014.04,1582180.302221885,1899676.88,1718634.932999998,1367428.669070609
1830075.13,1990239.6577143748,2129035.91,1959134.2021999988,1692102.5807645256
416913.1,441045.96734066226,619498.28,522963.26359999995,601138.8101469239
2100252.61,2149411.685255265,2173373.91,2234918.4755999995,1904066.2040987008
316203.64,347211.9425745073,402985.7,358466.32199999975,504485.11552407016
1588142.26,1615784.0856102519,1438465.81,1654698.4512999996,1341698.6598667826
694150.89,582467.4354859137,653382.62,664616.3229999999,771384.0367252252
890488.01,944134.2133283443,1046816.59,932302.0364000006,974705.7951126783
536537.64,584504.1568500721,619498.28,607584.8269999999,747964.752428317
1765571.91,1952096.3439664887,1815760.42,1838616.7995999998,1691037.7369972444
1320239.51,1401952.786077795,1300104.03,1412473.7802000004,1130910.9793246142
960312.75,1104792.5788547448,1199330.85,1055020.4862,948572.6262156132
2002750.99,2022339.2120774467,2067232.56,2098359.8770000003,1741740.791314936
1544422.35,2069038.1171097201,2376022.26,2146516.396899999,1827799.1669440423
591335.5,578473.7567931443,649159.68,621724.976,806788.1176961702
569005.06,514592.29015615664,581758.22,600950.4138000001,724402.9964852515
960746.04,862789.643051237,861894.77,921136.7830000005,990828.6581737278
1024784.92,1074154.244470797,1197489.66,1066072.8114999996,964598.7159431594
1321741.35,1405746.9547461479,1631737.68,1539621.0245000008,1239767.7394870317
2134680.12,2110506.0767793683,2565259.92,2280496.4137999984,1974317.0029337246
668132.36,827882.6110698514,761956.58,739898.6639999998,952410.196597975
971361.38,1015375.5493310395,1197489.66,1062412.2151999995,990828.6581737278
1384921.63,1384017.327442482,1346345.97,1419432.3615999997,1161147.4762429942
1405475.78,1281729.521010974,1527455.19,1393966.4485000006,1134631.0992942047
714093.95,702451.0110553687,639160.24,700908.8001999998,887423.9163779834
1063149.78,986684.8179912827,1197489.66,1008071.784800001,990828.6581737278
1755889.53,1735860.1332028187,2034400.78,1807740.7149000007,1569534.9165766628
1179915.04,1434114.6485915883,1559592.79,1296709.7371000003,1175267.5791288335
514709.76,529494.930922039,512292.01,566464.2272999993,711709.5308362594
417640.34,495837.1542277449,508567.04,489453.5245999999,623185.2943354051
1374301.34,1456096.8603680963,1496169.81,1426154.5981000005,1201625.9966962044
1141184.66,1173825.1050231599,1144254.26,1145635.5344000007,990828.6581737278
287033.64,293943.11840174475,262159.13,253619.92550000004,475678.7068702592
954677.75,954464.0285338311,928470.83,1010588.0585000005,964598.7159431594
825763.48,894109.483949502,917693.06,862722.7621999995,964598.7159431594
298337.41,455992.4236305541,508567.04,460080.58739999996,565054.842035957
506005.47,582816.4861023382,508567.04,521317.55940000014,719786.4006661393
416036.75,464500.4725389569,499267.66,423713.2805999999,561923.8702655185
1471261.76,1486585.8131373492,1764847.94,1584168.9904999996,1198979.83185679
979848.71,961576.9597778908,1197489.66,1011111.6634000007,990828.6581737278
1332594.07,1243520.0168420959,1460234.31,1281953.6113,1039594.6642588794
628099.08,575341.3849314022,652312.11,587393.2845999997,768453.1915513092
627634.04,661144.2218108863,623258.4,631939.1444999999,886594.7006374365
336479.49,328996.3885100486,324174.79,315175.6570999997,503713.1877974391
749817.08,770489.2646535792,781694.57,797495.5933000005,964598.7159431594
1497954.76,1576386.0957712303,1899676.88,1720112.4133999983,1367428.669070609
1819666.46,1984329.1369075398,2129035.91,1962679.7744999984,1692102.5807645256
432424.85,433248.7739494678,619498.28,531607.0298,601138.8101469239
2175563.69,2143460.2851247247,2173373.91,2226916.1851999993,1904066.2040987008
321205.12,339966.3081779047,402985.7,359844.5886999997,504485.11552407016
1574361.97,1609035.8697805293,1438465.81,1669012.2749999994,1341698.6598667826
686345.69,576091.9359773607,653382.62,663164.9269999999,771384.0367252252
888834.07,937478.7712683532,1046816.59,946205.8436000005,974705.7951126783
513991.57,577619.1191786828,619498.28,621219.1156,747964.752428317
1869967.03,1945143.5791620756,1815760.42,1828156.3178999997,1691037.7369972444
1344483.81,1394563.3033893683,1300104.03,1419843.654300001,1130910.9793246142
941550.34,1093465.7865127225,1199330.85,1048055.4619000001,948572.6262156132
2053089.32,2012660.309648729,1987089.36,2091789.8185000003,1741740.791314936
1553250.16,2061222.9730627756,2376022.26,2162792.0350999986,1827799.1669440423
592369.22,572231.1181494752,649159.68,610669.1826000001,806788.1176961702
565297.54,507967.3676294399,581758.22,601027.6577000002,724402.9964852515
944698.7,855816.0210502954,861894.77,916403.3356000008,990828.6581737278
1033543.56,1067651.5247717826,1197489.66,1068526.0944999997,964598.7159431594
1317672.92,1399653.0105940765,1631737.68,1531449.2009000005,1239767.7394870317
1970170.29,2102197.703126917,2565259.92,2280510.9225999983,1974317.0029337246
691200.33,821338.939524601,761956.58,753118.7851999998,952410.196597975
991969.37,1008192.4750390447,1197489.66,1074293.6698999999,990828.6581737278
1381339.23,1377322.7438833416,1360520.56,1379723.9837999993,1161147.4762429942
1394299.0,1274705.0371372916,1527455.19,1392170.7285,1134631.0992942047
685676.58,695428.125265761,639160.24,701763.9572,887423.9163779834
1049625.9,980153.3187132494,1197489.66,1012043.6977000008,990828.6581737278
1730913.66,1728256.023262722,2034400.78,1804783.3711000008,1569534.9165766628
1149427.48,1422787.856249566,1559592.79,1317299.7379,1175267.5791288335
506705.36,522234.34897552687,547586.07,561857.9663999995,711709.5308362594
427491.04,489293.48268249433,544643.33,491226.66819999996,620771.617946916
1392395.2,1449553.1888228457,1496169.81,1430598.4649000007,1201625.9966962044
1167829.33,1171061.4426814786,1199845.29,1151861.9636000008,990828.6581737278
253205.89,286625.8122630925,262159.13,256848.17010000005,475678.7068702592
950929.59,949184.1519137316,974916.13,1009487.9413000005,964598.7159431594
841224.74,886490.0073131161,917693.06,862265.0982999994,964598.7159431594
303289.55,450331.2054026651,508567.04,460006.2107999998,565054.842035957
503744.56,577170.6345707384,508567.04,523217.72410000005,719786.4006661393
441683.74,453173.6801969345,499267.66,425298.7061,561923.8702655185
1582168.27,1480244.4551127928,1764847.94,1588388.3815999993,1198979.83185679
968502.38,955376.4256585748,1197489.66,1011920.3187000003,990828.6581737278
1347175.93,1241058.540080113,1460234.31,1283892.1667,1039594.6642588794
530318.39,568388.6201269891,652312.11,583753.2080999997,768453.1915513092
596554.05,656169.4797417448,623258.4,630057.3881999998,886594.7006374365
337819.16,319317.4860813307,309543.52,309959.2674,503713.1877974391
737613.65,762674.1206066345,781694.57,797122.9845000005,964598.7159431594
1439123.71,1569453.4146567723,1899676.88,1723254.3916999984,1367428.669070609
1757923.88,1977826.953438261,2129035.91,1956919.9390999984,1692102.5807645256
389427.9,426960.827164209,619498.28,533425.5982,601138.8101469239
2048613.65,2136506.4059204534,2173373.91,2240881.5538999992,1904066.2040987008
306827.36,333884.5654390105,402985.7,360234.8480999997,504485.11552407016
1513229.16,1603053.4289853657,1438465.81,1690394.4593999991,1341698.6598667826
686365.4,570989.2254301273,653382.62,663196.2777999998,771384.0367252252
838227.52,930332.3968457092,1046816.59,941368.1232000008,974705.7951126783
495951.0,571072.9594530729,619498.28,622967.1947000001,747964.752428317
1817603.66,1935706.410816392,1815760.42,1839904.6440999995,1691037.7369972444
1272395.02,1388016.3403929393,1300104.03,1426813.7537000007,1130910.9793246142
916967.92,1090167.7932178075,1240048.85,1045156.56,948572.6262156132
1914430.53,2008775.3440462328,1987089.36,2091925.0977000005,1741740.791314936
1479514.66,2052562.0355627276,2376022.26,2158763.432199999,1827799.1669440423
571190.83,563330.3744931135,649159.68,613146.4601,806788.1176961702
539337.87,502308.25188784127,582381.95,600314.9857000003,724402.9964852515
907493.24,851393.8366394467,861894.77,911109.8058000006,990828.6581737278
924506.26,1057241.7190930925,1197489.66,1077621.2571999996,964598.7159431594
1248915.43,1390593.979253111,1631737.68,1523155.230500001,1239767.7394870317
1911559.1,2093715.0595318028,2565259.92,2287897.4037999976,1974317.0029337246
677789.14,815172.5178105426,761956.58,752532.7538999999,952410.196597975
925731.21,998536.4962352037,1197489.66,1078129.2122,990828.6581737278
1322932.36,1368179.2396814832,1346345.97,1416880.5260999994,1161147.4762429942
1307339.14,1265137.566566992,1527455.19,1402108.9894,1134631.0992942047
659109.53,686993.4476356785,639160.24,701894.8047999999,887423.9163779834
1031745.14,970621.2901946357,1197489.66,1005193.9689000009,990828.6581737278
1625883.71,1718847.6016008807,2034400.78,1820894.1743000012,1569534.9165766628
1135035.09,1419489.862954651,1559592.79,1298970.091600001,1175267.5791288335
475158.24,512500.8634037811,547586.07,568183.2288999995,711709.5308362594
424581.17,483127.06096843595,544643.33,491586.68210000015,620771.617946916
1303732.36,1443386.7671087873,1496169.81,1432069.5067000007,1201625.9966962044
1144901.52,1165032.9890091375,1169988.62,1151476.0428000006,990828.6581737278
249134.32,278594.0466928318,262159.13,256396.85240000006,475678.7068702592
917883.79,941117.46232073,974916.13,1011593.0193000005,964598.7159431594
808030.15,877204.5192215885,917693.06,861370.6823999995,964598.7159431594
279643.43,443475.01908372284,544643.33,462294.9875999998,565054.842035957
514489.17,570237.6147703502,544643.33,524743.5398000001,719786.4006661393
407186.47,449875.68690201954,499267.66,425181.953,561923.8702655185
1487797.54,1473469.7229970084,1764847.94,1592286.3942999996,1198979.83185679
954396.85,945873.1767189801,1197489.66,1016273.0844000005,990828.6581737278
1344723.97,1234766.2736000987,1460234.31,1283586.1578999998,1039594.6642588794
516352.21,558951.4517813056,652312.11,599277.2140999998,768453.1915513092
572447.52,647288.6285997073,623258.4,626375.4060999997,886594.7006374365
319855.26,315432.52047883463,324174.79,315673.5355999997,503713.1877974391
711671.58,754013.1831065867,771686.4,813695.2405000008,964598.7159431594
1631135.79,1609402.723709439,1899676.88,1726691.250499998,1367428.669070609
1946104.64,2017966.9294243362,2129035.91,1967409.1038999986,1692102.5807645256
419990.29,466039.14605107903,619498.28,535755.4401000001,601138.8101469239
2174514.13,2176107.195539522,2173373.91,2249523.3039999995,1904066.2040987008
324195.17,373068.35984567914,402985.7,360170.62799999974,504485.11552407016
1627274.93,1642202.2206336767,1438465.81,1685178.6819999993,1341698.6598667826
680954.81,609123.0115924324,645156.21,659653.8493999997,771384.0367252252
897076.73,970245.4848875806,1046816.59,950800.8230000006,974705.7951126783
533887.54,611212.1285513454,619498.28,623476.8380000002,747964.752428317
1939440.09,1977288.6936293496,1815760.42,1911001.9443999995,1691037.7369972444
1399341.07,1427046.6933147782,1300104.03,1458282.8934000006,1130910.9793246142
958667.23,1126293.44387263,1240048.85,1053477.9297000002,948572.6262156132
2044148.23,2048446.9202358495,2016323.51,2111828.6417999994,1741740.791314936
1656886.46,2090516.167940388,2376022.26,2170576.7517999993,1827799.1669440423
590739.62,601084.3133188395,649159.68,614205.1772,806788.1176961702
584000.71,541574.0348248895,554630.42,598015.5766999996,724402.9964852515
877813.33,889707.9760186719,866184.92,883037.7675000009,990828.6581737278
1052066.58,1095251.831347045,1197489.66,1083508.7819999997,964598.7159431594
1342123.78,1428228.003166258,1557888.16,1534097.0563000005,1239767.7394870317
2094515.71,2132087.316526167,2565259.92,2292828.123399998,1974317.0029337246
693785.85,855135.0197260012,761956.58,766246.5888999995,952410.196597975
1007257.83,1036513.7944241004,1197489.66,1081170.5340999996,990828.6581737278
1416926.31,1407388.501061223,1380952.05,1397653.5253999985,1161147.4762429942
1440374.13,1303088.1658493471,1527455.19,1410178.2049000012,1134631.0992942047
709724.6,724871.655190218,639160.24,704109.6186999999,887423.9163779834
1090915.09,1009485.1966261489,1197489.66,1012997.6284000006,990828.6581737278
1705810.84,1756669.4548881175,2034400.78,1851193.6514000017,1569534.9165766628
1376520.1,1455615.5136094734,1559592.79,1346381.2459,1175267.5791288335
504754.74,550400.6539381611,608294.98,572795.8890999993,711709.5308362594
425136.55,523089.56288389454,542663.53,492669.4096,620771.617946916
1390174.63,1483349.269024246,1496169.81,1449434.6676999999,1201625.9966962044
1183571.35,1203310.673066537,1183740.91,1160329.2364999999,990828.6581737278
258533.12,318929.2144149706,262159.13,257865.14970000007,475678.7068702592
973250.41,980157.0501489302,974916.13,1019295.4195000008,964598.7159431594
866216.36,914903.4389385114,917693.06,868283.8072999994,964598.7159431594
304989.97,482486.69754556066,540819.44,467479.49549999984,565054.842035957
521959.28,609280.0266247664,540819.44,530846.3317,719786.4006661393
469311.17,486001.3375568419,499267.66,426111.9934999999,561923.8702655185
1608277.74,1512320.2709912986,1764847.94,1635279.7832999993,1198979.83185679
1068346.76,985116.0142742421,1197489.66,1019663.9216000006,990828.6581737278
1439607.35,1274156.768046229,1402233.69,1322025.761099999,1039594.6642588794
573084.71,600533.7345942634,652312.11,589157.6493999996,768453.1915513092
614378.94,687045.3210583348,623258.4,627328.4989999996,886594.7006374365
342385.38,355104.0966684512,324174.79,316220.15589999966,503713.1877974391
725729.51,791967.3154842469,771686.4,816269.9750000008,964598.7159431594
1592409.97,1601179.132978436,1899676.88,1728196.839899998,1367428.669070609
1866719.96,2009449.551153149,2129035.91,1970739.4609999987,1692102.5807645256
391811.6,457999.81727158546,619498.28,535389.0076000001,601138.8101469239
2193367.69,2167782.290767339,2470206.13,2258982.6818999993,1904066.2040987008
306759.7,365379.1321210327,402985.7,360170.62799999974,504485.11552407016
1588380.73,1634247.7535185213,1840131.19,1680423.4109999991,1341698.6598667826
675926.3,604009.8188828087,645156.21,652866.6883999998,771384.0367252252
930745.69,961908.9293749579,1046816.59,951756.0019000004,974705.7951126783
538713.47,602756.297373672,619498.28,624389.1153000002,747964.752428317
1880436.94,1970411.3153477996,1728399.07,1939465.6092999983,1691037.7369972444
1388973.65,1418992.9747457749,1300104.03,1456709.6275000006,1130910.9793246142
984689.9,1122781.3816738417,1240048.85,1057002.8475,948572.6262156132
2041019.92,2041903.3994516423,2016323.51,2114542.521399999,1741740.791314936
1648570.03,2083843.1501943823,2376022.26,2162652.491799999,1827799.1669440423
590453.63,593948.5317054172,649159.68,611940.2842999999,806788.1176961702
554036.84,536494.4182907878,554630.42,592777.3971999999,724402.9964852515
849074.04,883476.2340071694,837390.79,877756.7515000008,990828.6581737278
967304.07,1088695.9102861304,1197489.66,1072617.0391999995,964598.7159431594
1408907.89,1421178.5602898926,1557888.16,1519312.4758000008,1239767.7394870317
2144245.39,2124801.155148688,2565259.92,2290697.952599998,1974317.0029337246
700272.01,846459.3537702104,761956.58,775960.7563000001,952410.196597975
973812.79,1030380.7350793176,1197489.66,1074820.8012999997,990828.6581737278
1436311.76,1399192.1439962313,1380952.05,1399497.1824999985,1161147.4762429942
1497054.81,1296628.704342869,1527455.19,1400178.118100001,1134631.0992942047
710496.97,717192.1728994807,639160.24,702817.5545999998,887423.9163779834
1121476.51,1002152.226931724,1197489.66,1010408.5138000005,990828.6581737278
1720537.26,1750743.176817343,2034400.78,1812839.0148000012,1569534.9165766628
1269113.41,1452103.4514106852,1559592.79,1358523.6011,1175267.5791288335
518628.42,544190.0878254733,608294.98,561048.7338999994,711709.5308362594
430878.28,514413.89692810376,542663.53,494655.7978,620771.617946916
1386472.59,1474673.6030684551,1496169.81,1459749.5145000005,1201625.9966962044
1227469.2,1197842.5322156802,1183740.91,1160256.0973,990828.6581737278
297753.49,312972.78266202507,262159.13,255063.05649999995,475678.7068702592
1004523.59,971822.5521837409,974916.13,1020992.7557000008,964598.7159431594
888368.8,908608.3601567966,917693.06,871574.3410999995,964598.7159431594
298947.51,474081.2984934967,540819.44,467348.62849999993,565054.842035957
500964.59,601012.9278393053,540819.44,530254.9269000001,719786.4006661393
436690.13,482489.27535805374,365672.55,418949.4739000001,557936.819189328
1641867.92,1504326.5782065173,1764847.94,1635474.3251999991,1198979.83185679
1007906.43,977077.9448938542,1197489.66,1018282.7312000006,990828.6581737278
1504545.94,1267599.7997891572,1412959.97,1320708.170799999,1039594.6642588794
576620.31,593656.356312713,652312.11,592709.5112999994,768453.1915513092
643558.78,679952.9752547747,623258.4,627275.9377999994,886594.7006374365
333594.81,348560.57588424394,324174.79,316150.7103999997,503713.1877974391
733037.32,785294.2977382415,771686.4,815323.1400000007,964598.7159431594
1597868.05,1594001.1732430793,1899676.88,1726810.9100999981,1367428.669070609
1928016.01,2000561.8228828213,2129035.91,1969848.870299999,1692102.5807645256
394918.83,451663.17602636886,619498.28,535925.0978000002,601138.8101469239
2283540.3,2159451.7452885928,2470206.13,2278308.143199999,1904066.2040987008
314014.18,358569.2477568734,402985.7,360622.0066999998,504485.11552407016
1543049.52,1627410.4327695915,1840131.19,1667810.4023999989,1341698.6598667826
642450.4,595232.1225881897,653382.62,659755.1076999999,771384.0367252252
896613.19,953634.7583843925,1046816.59,953424.7189000006,974705.7951126783
535153.47,594598.4123676904,619498.28,624303.9068000002,747964.752428317
1827797.4,1960241.6508482485,1815760.42,1932154.984399998,1691037.7369972444
1421307.2,1412661.1300970614,1300104.03,1467395.9715,1130910.9793246142
1005003.12,1113048.2074560774,1045419.87,1072845.4083999994,948572.6262156132
2095769.18,2033952.4885958093,2016323.51,2112551.3794999993,1741740.791314936
1660433.3,2075102.9806473032,2376022.26,2155188.1137999995,1827799.1669440423
579738.2,584401.0396635244,605413.17,605440.0626999998,806788.1176961702
521896.6,525596.6263417767,580805.33,592850.5097999997,724402.9964852515
844928.17,875515.7299583303,837390.79,877073.7311000006,990828.6581737278
1048134.24,1080239.7270883853,1197489.66,1071147.0182999996,964598.7159431594
1375101.26,1411189.7813697099,1557888.16,1536724.1482000002,1239767.7394870317
2045061.22,2114774.425330654,2565259.92,2272761.9633999984,1974317.0029337246
751963.81,837446.9139908005,821127.53,827296.7671,952410.196597975
981273.26,1022255.4601560289,1197489.66,1078681.8429999996,990828.6581737278
1510131.45,1391359.5183438957,1380952.05,1401663.3637999988,1161147.4762429942
1397970.54,1287580.0583373038,1527455.19,1395975.957500001,1134631.0992942047
728467.72,707592.340170227,639160.24,705628.1574999997,887423.9163779834
1068292.56,994166.1101912877,1197489.66,1005811.2864000008,990828.6581737278
1735339.59,1742073.4050512658,1758437.96,1799082.409600001,1569534.9165766628
1184198.41,1442370.277192921,1559592.79,1336791.5499,1175267.5791288335
416881.66,536036.0902074266,498056.0,558983.4509999994,711709.5308362594
423351.15,505401.45714869385,540819.44,494876.0655,620771.617946916
1410181.7,1465661.1632890454,1496169.81,1463641.8759000003,1201625.9966962044
1261306.37,1188378.9226211107,1183740.91,1159981.3160000003,990828.6581737278
270097.76,302165.1708275551,229731.98,254559.6712,477239.2618262292
1013820.86,964125.1574434104,974916.13,1016361.4020000008,964598.7159431594
887979.47,900169.0888350571,917693.06,868873.8776999995,964598.7159431594
314607.22,467643.4143012528,540819.44,468243.2247999998,565054.842035957
509633.71,594636.510432218,540819.44,531173.0791,719786.4006661393
411866.46,472756.10114028945,365672.55,414856.22779999994,557936.819189328
1720221.91,1497839.8390798573,1764847.94,1644116.8794999996,1198979.83185679
969387.48,969470.7592771667,1197489.66,1010298.8686000006,990828.6581737278
1560590.05,1257762.0556673422,1356689.88,1314886.5271999992,1039594.6642588794
575997.78,583486.6918131621,652312.11,603352.5982999995,768453.1915513092
640210.85,672493.991909724,623258.4,631178.8339999996,886594.7006374365
327389.51,340609.6650284112,309543.52,312247.82649999973,503713.1877974391
722496.93,776554.1281911621,771686.4,815598.4722000005,964598.7159431594
1494122.38,1584375.5012688276,1899676.88,1727337.969199998,1367428.669070609
1876788.15,1990602.2696817247,2129035.91,1963648.3733999988,1692102.5807645256
412449.67,443427.9778366332,619498.28,536303.2990000002,601138.8101469239
2125241.68,2149660.93713844,2470206.13,2270416.0565999993,1904066.2040987008
320831.36,348526.20625402,402985.7,361058.6187999998,504485.11552407016
1501095.49,1617169.3538540557,1840131.19,1568949.6954999992,1341698.6598667826
609099.37,588222.4547185976,653382.62,660452.1338999998,771384.0367252252
936373.65,943917.806417694,1046816.59,954235.7006000004,974705.7951126783
572887.78,584388.9722855738,619498.28,625126.6945000002,747964.752428317
1764984.15,1950201.507617327,1815760.42,1870399.807099999,1691037.7369972444
1409515.73,1404325.2033807598,1300104.03,1435595.8484000002,1130910.9793246142
1048101.39,1101463.5601511416,1045419.87,1070779.7426999991,948572.6262156132
2059458.25,2026220.7490018695,2090340.98,2120955.252599999,1741740.791314936
1621841.33,2067630.0134220435,2376022.26,2191879.4289,1827799.1669440423
606210.77,576531.8710455585,590836.37,605945.5003999998,806788.1176961702
551152.15,518471.84015610896,580805.33,593446.7550999997,724402.9964852515
924299.78,867755.2107853714,837390.79,880149.5627000006,990828.6581737278
1145840.91,1071689.4417669722,1197489.66,1085072.8464999995,964598.7159431594
1544653.37,1403387.7651027879,1557888.16,1542123.3380000005,1239767.7394870317
2005341.43,2108290.662842489,2565259.92,2279977.8946999987,1974317.0029337246
802003.61,827511.3437722198,821127.53,791640.9843000004,952410.196597975
1060906.75,1013807.6314157391,1197489.66,1084541.6178999997,990828.6581737278
1702220.96,1382516.6406357903,1423289.9,1464633.6006,1161147.4762429942
1303726.54,1279024.9764193874,1524734.29,1399236.3434000008,1107808.9555903417
756527.64,700552.1724876965,639160.24,702060.9365999997,887423.9163779834
1022704.2,986224.9926257746,1197489.66,1003250.2442000007,990828.6581737278
1780443.36,1734066.8631892656,1781905.24,1817119.8248000015,1569534.9165766628
1199309.59,1430785.629887985,1559592.79,1342850.9694,1175267.5791288335
615026.15,527596.126605586,498056.0,571056.8283999994,711709.5308362594
425296.65,495465.8869301132,540819.44,490366.3725000002,620771.617946916
1379783.21,1455725.5930704647,1496169.81,1459473.514,1201625.9966962044
1272809.11,1181254.136435443,1183740.91,1159712.3310000005,990828.6581737278
247672.56,291722.1134903692,229731.98,258288.10410000008,477239.2618262292
926250.21,954483.0437848547,1147906.46,1022376.9153000006,964598.7159431594
895274.72,892270.1138470814,917693.06,868875.4482999996,964598.7159431594
282545.55,459945.2954379419,540819.44,465408.25079999975,565054.842035957
522665.04,586231.5235396043,540819.44,529328.6423000001,719786.4006661393
397428.22,461171.4538353537,365672.55,414391.30360000016,557936.819189328
1724669.75,1489626.7160473696,1764847.94,1638950.181999999,1198979.83185679
945318.47,960551.136025011,1197489.66,1009962.2122000008,990828.6581737278
1464462.85,1252522.3319074123,1356689.88,1314526.406399999,1039594.6642588794
535537.03,573446.5485822407,652312.11,600056.9348999999,768453.1915513092
598234.64,664322.1137159292,623258.4,632927.6959999998,886594.7006374365
337985.74,332877.9254344712,309543.52,310635.9904999999,503713.1877974391
718232.26,769081.1609659025,771686.4,817305.9193000005,964598.7159431594
1582083.4,1580032.3865756968,1899676.88,1729736.1773999983,1367428.669070609
1947083.3,1987647.251019768,2129035.91,1969449.0721999991,1692102.5807645256
408838.73,438796.5272653039,619498.28,536434.8021000002,601138.8101469239
2081181.35,2143258.8307960397,2470206.13,2268746.860199999,1904066.2040987008
344642.01,345132.75203568523,402985.7,361058.6187999998,504485.11552407016
1577439.81,1613664.2000734825,1840131.19,1568093.4443999985,1341698.6598667826
586467.16,582201.1495408409,653382.62,659263.6470999998,771384.0367252252
976137.73,938994.1597754075,1046816.59,953479.6748000005,974705.7951126783
576879.15,580066.460643975,619498.28,625028.8789000001,747964.752428317
1650285.54,1948753.094299396,1815760.42,1871121.197999999,1691037.7369972444
1372872.35,1400245.3614072925,1300104.03,1438563.9080000005,1130910.9793246142
1061943.49,1096829.4441048442,1128765.71,1074366.2412999992,948572.6262156132
2073855.42,2020254.0680970806,1970341.38,2094333.9367999989,1741740.791314936
1613342.19,2062731.7527881875,2376022.26,2173936.919699999,1827799.1669440423
610185.32,572456.8981989796,607961.21,604248.8338000001,806788.1176961702
551837.31,513198.80403284356,592981.33,595888.9936999996,724402.9964852515
865924.2,860527.0250002542,837390.79,903871.2969000009,990828.6581737278
1117097.23,1066529.812953484,1197489.66,1094030.7316999992,964598.7159431594
1542719.87,1399672.5369939455,1557888.16,1531548.6266,1239767.7394870317
2062481.56,2104443.9644734925,2565259.92,2298498.679499998,1974317.0029337246
763867.59,824618.6808648037,705557.8,755085.1008999997,952410.196597975
1022270.86,1008611.3587713952,1197489.66,1083346.6738999998,990828.6581737278
1577468.78,1378383.4834739761,1439901.05,1450186.1366000003,1161147.4762429942
1344558.92,1274283.2766588707,1527455.19,1398258.5041000012,1134631.0992942047
714828.73,696528.0000480842,639160.24,701836.6756999999,887423.9163779834
1053495.51,981084.5501982991,1197489.66,1002569.1879000007,990828.6581737278
1731935.43,1728847.2327196035,1747289.53,1790101.2014000013,1569534.9165766628
1227118.75,1426151.5138416877,1559592.79,1358131.5429000002,1175267.5791288335
545844.91,522407.7182130789,498056.0,571610.5586999994,711709.5308362594
439132.5,492573.2240226971,540819.44,492579.8944,620771.617946916
1373651.49,1452832.9301630487,1496169.81,1457689.2174000002,1201625.9966962044
1183979.27,1177539.9941757012,1183740.91,1157689.1797000002,990828.6581737278
237129.81,290494.343611583,229731.98,250308.84730000008,475678.7068702592
933487.71,949395.2048843177,974916.13,1025230.3288000006,964598.7159431594
931278.97,886989.0165922624,961685.98,871748.8042999995,964598.7159431594
282647.48,455684.8308496234,540819.44,467897.07809999964,565054.842035957
538344.1,582216.9260919129,540819.44,531133.5592,719786.4006661393
424904.95,456537.33778905624,365672.55,427968.1665999998,557936.819189328
1710923.94,1485468.220704584,1764847.94,1640135.933999999,1198979.83185679
987264.67,955693.6927912213,1197489.66,1009847.6854000007,990828.6581737278
1360517.52,1247124.584275065,1402233.69,1319037.9937999991,1039594.6642588794
504760.57,571998.1352643097,652312.11,592908.7977999995,768453.1915513092
593141.29,658295.8186901957,623258.4,633134.1724999998,886594.7006374365
339490.69,326911.2445296823,309543.52,307171.0798999998,503713.1877974391
734297.87,764182.9003320467,771686.4,817270.2685000006,964598.7159431594
1661767.33,1564871.1204808578,1899676.88,1734038.840499999,1367428.669070609
1898777.07,1973221.7447182862,2129035.91,1915054.090299999,1712905.2143171101
408229.73,421907.9472279337,574985.37,533521.4940000002,601138.8101469239
2125104.72,2128808.955370981,2470206.13,2303500.3524999986,1904066.2040987008
350648.91,329295.10020107415,402985.7,360427.2970999998,509608.70680156694
1608077.01,1598170.5262310447,1840131.19,1549373.4494999985,1341698.6598667826
597876.55,563718.9426853409,653382.62,652133.3670000002,771384.0367252252
932160.37,924854.4240768525,1046816.59,947945.5569000007,974705.7951126783
565812.29,566734.1144823554,574985.37,625504.9439,747964.752428317
1708283.28,1927047.6871527296,1685910.53,1786802.2203999995,1691037.7369972444
1304584.4,1382814.7659650664,1300104.03,1415750.397400001,1130910.9793246142
955146.04,1079571.2445668727,1128765.71,1043362.9864999988,948572.6262156132
2165796.31,1998986.2752274866,1835662.69,2029474.8859999988,1741740.791314936
1904512.34,2046784.2943796674,2376022.26,2162588.5990999998,1827799.1669440423
587259.82,556032.6740505917,607961.21,604692.0703000001,806788.1176961702
537138.58,494006.70089487755,580805.33,598367.7525999999,724402.9964852515
1255633.29,840434.3982739317,1200888.28,1071872.1166000017,990828.6581737278
1083521.24,1051058.4215078503,1197489.66,919764.0806999995,964598.7159431594
1497073.82,1383325.0583896078,1631737.68,1547616.5994,1239767.7394870317
2080529.06,2090109.2683474766,2565259.92,2296901.5433999985,1974317.0029337246
642827.29,810102.0392297622,653989.65,691430.7549999995,952410.196597975
996628.8,992945.0340370771,1197489.66,1069102.5764,990828.6581737278
1427162.26,1361300.4356032843,1423289.9,1428447.3711000008,1161147.4762429942
1477134.75,1258549.7624069364,1527455.19,1447237.9123,1134631.0992942047
671482.9,682452.3201332381,639160.24,696269.3797999999,887423.9163779834
1081874.03,963756.8759059464,1197489.66,1023525.8105000006,990828.6581737278
1840955.23,1712803.6668629094,2053708.01,1813477.4679000014,1569534.9165766628
1469693.99,1408893.3143037162,1559592.79,1339273.3230000003,1175267.5791288335
540811.85,506749.2595038223,498056.0,541728.7644999996,711709.5308362594
433565.77,478056.5823876555,503232.13,482463.74439999997,620771.617946916
1358111.62,1438316.288528007,1285534.74,1412402.6402999996,1201625.9966962044
1126685.95,1158606.9072489054,1152117.5,1128050.1049000006,990828.6581737278
286428.78,269446.07018584816,281842.28,278499.76059999986,477239.2618262292
976415.56,933386.435595735,974916.13,1014561.0170000005,964598.7159431594
984833.35,871037.6509133035,961685.98,868071.7327999994,964598.7159431594
293728.57,438610.2064437014,503232.13,465901.72269999975,565054.842035957
526838.14,565096.2015971232,503232.13,525309.432,719786.4006661393
490274.82,439279.1382510846,397771.68,437870.9099999998,557936.819189328
1609811.75,1468630.49540348,1764847.94,1607602.6793999998,1198979.83185679
1088248.4,938874.4577282025,1197489.66,1028163.5631000001,990828.6581737278
1392143.82,1227908.4981545832,1460234.31,1271915.4889999998,1039594.6642588794
617405.35,550292.7281176432,652312.11,610710.1833999999,768453.1915513092
663814.18,643254.8934345504,662198.65,636239.6774999998,886594.7006374365
338737.33,305643.45166008815,320021.1,305885.40019999986,503713.1877974391
766512.66,748235.4419235263,771686.4,811944.0808000005,964598.7159431594
1517428.87,1525773.7904061987,1899676.88,1721429.9467999986,1367428.669070609
1814806.63,1932788.0527271354,2129035.91,1880347.2270999998,1692102.5807645256
407589.16,383970.7762837494,574985.37,533665.0483,601138.8101469239
2117854.6,2086339.759309553,2470206.13,2278172.953099999,1904066.2040987008
299800.67,289885.9133083089,402985.7,360581.6072999998,504485.11552407016
1375166.86,1558640.023531113,1840131.19,1502966.7504000003,1341698.6598667826
541120.2,524773.8055802891,488880.26,585484.4807000002,771384.0367252252
883569.38,883545.6394468521,1046816.59,946364.5469000008,974705.7951126783
523427.35,525081.5317954728,574985.37,624105.3219000001,747964.752428317
1640168.99,1891416.3671675532,1650894.3,1775985.3228000007,1691037.7369972444
1267675.05,1345390.8308467192,1300104.03,1402900.172400001,1130910.9793246142
885892.37,1041239.3815993124,1128765.71,1039213.3367999995,948572.6262156132
1919917.03,1961204.164577053,1835662.69,2040127.0354999986,1741740.791314936
1554794.22,2007290.3568719956,2376022.26,2047224.4806999972,1827799.1669440423
527509.76,517472.57295258774,607961.21,587128.7725000002,806788.1176961702
526525.16,455435.6983170713,539081.09,573212.2224000002,724402.9964852515
1071040.22,802532.3727109195,920719.98,933421.3577000005,990828.6581737278
960476.1,1011063.1707440533,1197489.66,949888.3595999997,964598.7159431594
1370653.41,1344309.2806238048,1386789.31,1490773.2736000011,1239767.7394870317
2047949.98,2048998.274169458,2565259.92,2267873.6696999986,1974317.0029337246
628494.63,769414.1276239444,681913.29,666541.4500000002,952410.196597975
918049.28,953192.2534771368,1197489.66,1075526.9029999997,990828.6581737278
1279041.64,1322278.8939296266,1253329.17,1397659.7343999995,1147073.4652302095
1242909.53,1218857.6645341893,1524734.29,1398042.0388000011,1107808.9555903417
657241.63,641163.8518846028,639160.24,688778.8889000001,887423.9163779834
986131.94,925445.2305147548,1197489.66,989118.9382000008,990828.6581737278
1519604.5,1673704.1907387488,1613773.9,1669477.3536000014,1569534.9165766628
1124660.77,1370561.4513361559,1559592.79,1280518.6361999998,1175267.5791288335
475127.18,467003.431758189,505068.22,524624.5482999999,711709.5308362594
437773.31,437368.6707818378,503232.13,476143.50870000006,620771.617946916
1327705.44,1397628.3769221893,1285534.74,1399354.617,1201625.9966962044
1156377.47,1117584.8438579896,1163869.52,1126298.1843000008,990828.6581737278
277417.53,231886.51840640546,229731.98,265510.5837000001,477239.2618262292
955211.7,890874.070165779,932679.79,1002043.6090000008,964598.7159431594
821568.64,831554.007381913,758069.78,840652.6516999996,964598.7159431594
301893.63,400800.89140514075,503232.13,459068.6416,565054.842035957
514651.74,527409.8201288761,503232.13,520929.1165000001,719786.4006661393
430944.39,400947.2752835244,397771.68,435517.7892,557936.819189328
1447614.08,1430478.8440744274,1764847.94,1606496.1979999999,1198979.83185679
901709.82,899704.2215629471,1197489.66,1002373.4842000006,990828.6581737278
1306644.25,1187121.4679923218,1460234.31,1256677.1624,1039594.6642588794
586737.66,514661.40813246684,652312.11,599183.3040999998,768453.1915513092
625196.94,602654.1862756573,623258.4,625998.9254999995,886594.7006374365
347726.67,267861.3410096547,320021.1,308098.66569999984,503713.1877974391
702238.27,708741.5044158546,771686.4,808891.2657000003,964598.7159431594
1506126.06,1518429.7950190923,1899676.88,1720953.6175999984,1367428.669070609
1829415.67,1925589.891620079,2129035.91,1878706.9727999996,1692102.5807645256
414392.09,376424.2384888857,574985.37,534374.9699,601138.8101469239
2119438.53,2080160.335873987,2470206.13,2313505.9861999983,1904066.2040987008
307306.76,282325.91412465775,402985.7,360581.6072999998,504485.11552407016
1425603.65,1551068.8954947856,1840131.19,1493508.9980000001,1341698.6598667826
530842.25,517685.7002797184,488880.26,575115.1520000001,771384.0367252252
857796.45,878556.0759243909,1046816.59,945766.5185000006,974705.7951126783
533756.88,518472.2489479199,574985.37,623959.5562000001,747964.752428317
1671857.57,1884314.4239256904,1627707.31,1789622.5738000006,1691037.7369972444
1326132.98,1337657.2257882329,1300104.03,1401685.2901000006,1130910.9793246142
922735.37,1034722.6822819444,1128765.71,1041598.5274999995,948572.6262156132
1938379.66,1953496.5023285747,2271614.76,2062261.0303999986,1741740.791314936
1565352.46,1999467.0202689273,2376022.26,2049682.7536999974,1827799.1669440423
533161.64,507414.6248817822,593941.9,578190.9938,806788.1176961702
509942.56,449153.4212290299,539081.09,566727.0998000002,724402.9964852515
938303.28,794527.3214792458,1058250.91,920199.5824000005,990828.6581737278
971386.65,1002149.557891117,1197489.66,949325.6926000003,964598.7159431594
1338572.29,1334558.3147292007,1386789.31,1474031.4388000015,1239767.7394870317
2028587.24,2040813.9182425865,2565259.92,2266127.102899998,1974317.0029337246
667151.46,762326.2882364609,681913.29,666814.4188000002,952410.196597975
921612.53,944843.1619153422,1197489.66,1071479.3344999996,990828.6581737278
1338627.55,1313197.40019908,1604605.69,1437742.7629999993,1132201.0459675833
1261158.47,1209792.6119395357,1524734.29,1400505.7222000011,1107808.9555903417
664745.2,633267.2917479204,639160.24,696927.3431999999,887423.9163779834
961084.08,916152.6865380697,1197489.66,986275.1561000006,990828.6581737278
1557485.75,1664834.3215044944,1597002.71,1692328.219200001,1569534.9165766628
1135340.19,1364044.752018788,1559592.79,1304434.8678000004,1175267.5791288335
489079.23,458655.8172926244,505068.22,524416.1608999998,711709.5308362594
443891.64,430280.83139435423,503232.13,477797.14610000007,620771.617946916
1373064.87,1390540.5375347058,1285534.74,1403056.0791000002,1201625.9966962044
1159119.6,1111134.685892338,1167757.0,1125300.499000001,990828.6581737278
252709.58,224626.28747993882,229731.98,272234.7289000001,477239.2618262292
943047.78,885188.6961700374,932679.79,995851.1840000007,964598.7159431594
772302.94,823068.3055548884,758069.78,838363.6823999997,964598.7159431594
293804.45,394639.2971540791,503232.13,459495.5252,565054.842035957
521320.98,521447.99292957387,503232.13,522246.5072000001,719786.4006661393
409600.98,394430.57596615644,397771.68,450180.1836,557936.819189328
1555672.51,1424061.340207326,1764847.94,1611384.5135,1198979.83185679
899768.4,890291.7626736832,1197489.66,995545.7319000006,990828.6581737278
1276609.36,1181141.3764839787,1460234.31,1256052.5034000003,1039594.6642588794
527165.7,507559.464890604,652312.11,602569.3961999997,768453.1915513092
601990.02,598996.3120646712,623258.4,626249.7928999997,886594.7006374365
336017.6,260153.6787611763,320021.1,315799.00969999994,503713.1877974391
723086.2,700918.1678127863,771686.4,806246.2917000004,964598.7159431594
1437059.26,1517417.385358111,1899676.88,1723158.7007999984,1367428.669070609
1746470.56,1925605.8899957277,2129035.91,1879054.4551999993,1692102.5807645256
389813.02,374705.6446739285,574985.37,534317.4264000002,601138.8101469239
2027620.23,2076015.9013659067,2470206.13,2304966.4099999988,1904066.2040987008
310141.68,281812.19354610087,402985.7,360860.48209999985,504485.11552407016
1369131.46,1550452.9107299922,1840131.19,1494524.9411000002,1341698.6598667826
525545.76,512222.2054091011,488880.26,568111.6465,771384.0367252252
884724.41,876578.8524612626,1046816.59,947481.9796000007,974705.7951126783
516361.06,517810.82499285263,574985.37,624724.3450000002,747964.752428317
1694862.41,1880722.4677939997,1685910.53,1791656.2939000002,1691037.7369972444
1227430.73,1335626.8532005707,1300104.03,1405566.634600001,1130910.9793246142
880415.67,1030008.3225685166,1045419.87,1035456.3052,948572.6262156132
1927664.11,1945662.5177982207,2271614.76,2060777.4674999984,1741740.791314936
1522512.2,1994668.8036285206,2376022.26,2046857.4012999972,1827799.1669440423
553901.97,500721.90495634277,639928.85,584311.5362,806788.1176961702
469607.73,441795.2707396684,482926.93,564862.0736000001,710770.10419988
972716.24,787892.4860746793,907110.83,919878.3014000005,990828.6581737278
1002856.2,995934.4558650374,1197489.66,953118.3345000003,964598.7159431594
1338299.02,1327577.7990135723,1386789.31,1475774.2434000014,1239767.7394870317
2008350.58,2035414.8524532192,2565259.92,2270278.304899998,1974317.0029337246
647097.65,762572.5232442606,651970.48,660818.2711000001,952410.196597975
976479.51,939000.7164336661,1197489.66,1071161.0202999995,990828.6581737278
1319035.06,1306454.6725576539,1604605.69,1445237.6979999992,1132201.0459675833
1259278.36,1203493.2129273545,1524734.29,1406435.8810000012,1107808.9555903417
683300.84,627489.2948348044,639160.24,700418.4582999996,887423.9163779834
964726.37,909923.1947224807,1197489.66,991666.5223000008,990828.6581737278
1540687.63,1659113.832686352,1606208.68,1695169.3065000018,1569534.9165766628
1129508.61,1359330.3923053602,1559592.79,1300166.6588000003,1175267.5791288335
489674.23,452814.8497937905,505068.22,523826.7978999998,711709.5308362594
425410.04,430527.0664021539,503232.13,478500.6372,620771.617946916
1279080.58,1390786.7725425053,1285534.74,1391945.4873,1201625.9966962044
1157111.15,1104836.5832301725,1175447.49,1125730.9060000007,990828.6581737278
242813.51,220698.56959302758,229731.98,267789.0771,477239.2618262292
928629.31,880185.6708878933,932679.79,994788.9530000007,964598.7159431594
814099.86,817286.3499515892,758069.78,835299.9392999997,964598.7159431594
270677.98,392221.16738178406,503232.13,460178.7548999999,565054.842035957
527953.14,519122.06333501416,503232.13,523398.06110000017,719786.4006661393
398468.08,389716.2162527286,366819.84,443188.7129000002,557936.819189328
1495607.07,1422191.0872805654,1764847.94,1597850.0156999996,1198979.83185679
919595.44,883525.0520497415,1197489.66,1000435.3067000004,990828.6581737278
1307928.01,1174430.7665225426,1460234.31,1256954.5111000002,1039594.6642588794
505978.46,503967.5087589134,652312.11,598497.5755999996,768453.1915513092
577792.32,595688.6686269946,623258.4,624122.9063999996,886594.7006374365
355307.94,252319.69423082238,320021.1,317040.29719999986,503713.1877974391
713173.95,696119.9511723798,771686.4,805720.3405000005,964598.7159431594
1670785.97,1564840.4071692268,1899676.88,1727563.2580999983,1367428.669070609
1998321.04,1975376.0907039668,2129035.91,1962034.761299999,1692102.5807645256
443557.65,421671.6766532827,619498.28,544038.3040000002,601138.8101469239
2209835.43,2114190.975072754,2470206.13,2329352.0488999984,1904066.2040987008
343048.29,321354.20251914905,402985.7,361058.6187999998,504485.11552407016
1518177.71,1598361.8743601637,1840131.19,1484748.1216999998,1341698.6598667826
505830.56,560834.1418579062,488880.26,561175.4160000001,771384.0367252252
976436.02,919957.1303743483,1046816.59,951321.7950000009,974705.7951126783
606755.3,563359.2694813828,619498.28,622743.1845000001,747964.752428317
1758971.38,1920530.1900362358,1772192.42,1842425.2323999994,1691037.7369972444
1422794.26,1382794.3422330574,1300104.03,1415337.3160000006,1130910.9793246142
979825.92,1099519.604915651,1045419.87,1055405.9887999995,948572.6262156132
2041918.74,1983110.4674957618,2271614.76,2123825.7156999987,1741740.791314936
1687592.16,2028109.123078958,2376022.26,2105520.2945999987,1827799.1669440423
573498.64,544257.5163539121,639928.85,564057.5008999999,806788.1176961702
471281.68,485728.2210993614,482926.93,563105.6395999999,710770.10419988
952609.17,838279.9585524051,907110.83,921471.6121000004,990828.6581737278
1092204.79,1043509.1147280617,1197489.66,1110419.1914999997,990828.6581737278
1408016.1,1371406.0027978339,1352470.09,1399650.9646000008,1230434.322479451
2246411.89,2068583.0370907108,2565259.92,2262943.6909999982,1974317.0029337246
651768.91,811901.4370742099,663452.46,677862.1694000002,952410.196597975
1009887.36,981551.4620187256,1197489.66,1092508.5576999993,990828.6581737278
1464616.59,1340036.2344560677,1604605.69,1449847.5966999992,1132201.0459675833
1416720.54,1249662.2672299533,1333315.03,1365571.1033000012,1107808.9555903417
699536.73,661108.3595435919,639160.24,706196.5239999995,887423.9163779834
1095504.26,957133.8341250878,1197489.66,998371.3394000008,990828.6581737278
1591816.88,1703265.7419379153,1800728.07,1733606.0685000012,1569534.9165766628
1462941.03,1428841.6746524945,1559592.79,1323341.6332999999,1175267.5791288335
520632.8,498403.83497565996,505068.22,546107.1906999998,790089.7008480203
446751.45,479855.98023210326,563578.79,531359.7554999999,620771.617946916
1363365.05,1440115.6863724547,1496169.81,1435589.07,1201625.9966962044
1202775.24,1151975.9645525105,1175447.49,1149948.7418000004,990828.6581737278
265444.9,262007.10466692725,229731.98,274125.06230000005,477239.2618262292
968896.68,934712.729137605,932679.79,1002807.5580000005,964598.7159431594
866064.4,858111.8253586006,744525.69,854595.2750999995,964598.7159431594
277137.86,443539.4798838693,563578.79,501305.63859999995,565054.842035957
546122.37,570440.3758370994,563578.79,562977.4389,723998.6772486921
458479.01,459227.49859986315,366819.84,443162.19640000025,557936.819189328
1574408.67,1473475.8236071286,1764847.94,1612426.2591999993,1198979.83185679
1069112.0,918684.6941976915,1197489.66,1024425.3598000004,990828.6581737278
1400160.95,1217169.6516844754,1460234.31,1273890.9728,1039594.6642588794
593162.53,543775.2310011493,649111.23,605613.3923999997,768453.1915513092
642614.89,650753.2630877512,572516.57,504945.2882999999,886594.7006374365
337390.44,292176.1100359928,320021.1,317477.58309999993,503713.1877974391
733455.07,729560.270622817,771686.4,814855.8568000004,964598.7159431594
1573072.81,1557583.1022687596,1899676.88,1727154.6411999986,1367428.669070609
1900745.13,1966321.9984997744,2129035.91,1972352.4753999987,1692102.5807645256
410804.39,415943.4006826952,619498.28,544666.4346000002,601138.8101469239
2133026.07,2105275.1764718224,2470206.13,2326158.553299998,1904066.2040987008
325345.41,314403.7228409803,402985.7,355304.2542999997,504485.11552407016
1459396.84,1591189.2146965675,1840131.19,1494141.8410000005,1341698.6598667826
503463.93,553215.8127803754,527339.52,570321.4305000002,771384.0367252252
927511.99,912334.5871212404,1046816.59,948589.6672000011,974705.7951126783
558464.8,555671.1050568161,619498.28,621174.9752000003,747964.752428317
1713889.11,1906722.3698570677,1704753.02,1850577.980299999,1691037.7369972444
1311965.09,1376586.4066121548,1300104.03,1428799.7943000006,1130910.9793246142
934917.47,1080753.0217078957,1025382.22,1054370.3455999992,948572.6262156132
1999079.44,1973859.8840463893,2271614.76,2119891.219399999,1741740.791314936
1639585.61,2017663.3681362127,2376022.26,2133898.9462999986,1827799.1669440423
551799.63,532862.7248570566,630522.67,581858.0882000003,806788.1176961702
491817.19,478013.9600917677,498241.06,561319.0803,710770.10419988
919878.34,828405.8175576231,907110.83,924729.6179000005,990828.6581737278
1074079.0,1033456.0320002978,1197489.66,1130605.1806999994,990828.6581737278
1352809.5,1359473.9924926255,1352470.09,1416873.2602,1230434.322479451
2162951.36,2056912.8754535955,2565259.92,2321200.2119999984,1974317.0029337246
653043.44,803111.1576776905,663452.46,698023.7807000001,952410.196597975
1004039.84,971880.6299149839,1197489.66,1097012.5403999991,990828.6581737278
1412925.25,1330059.897272354,1604605.69,1458717.5908999993,1132201.0459675833
1416301.17,1239102.083524646,1307142.75,1367401.8122000014,1107808.9555903417
697317.41,649308.6898008918,791356.9,726307.2609999995,887423.9163779834
1044639.69,946999.2092567703,1197489.66,1006373.4191000008,990828.6581737278
1660081.29,1692517.0138727552,1800728.07,1738051.5574000003,1569534.9165766628
1205536.71,1410075.0914447391,1559592.79,1366061.5131000003,1175267.5791288335
513737.0,488734.47996814805,517408.48,549971.1203999997,790089.7008480203
434593.26,471065.70083558385,563578.79,531168.5754999999,620771.617946916
1401113.42,1431325.4069759352,1496169.81,1435810.8136000005,1201625.9966962044
1176681.31,1142031.2861709523,1151258.74,1154732.1098000004,990828.6581737278
291781.15,247868.319329042,236157.12,271881.61860000034,477239.2618262292
948613.39,926031.9637653278,932679.79,1001318.8609000007,964598.7159431594
873643.14,847670.4312192246,744525.69,858704.3999999992,964598.7159431594
300236.85,438124.1912783111,563578.79,499557.47579999984,565054.842035957
521810.75,564733.1200020465,563578.79,561736.5222,723998.6772486921
437320.66,440460.9153921077,402709.17,447544.42089999997,557936.819189328
1494417.07,1467826.1269301134,1764847.94,1612023.7530999994,1198979.83185679
982523.26,908080.0028720653,1197489.66,1023455.9570000008,990828.6581737278
1409544.97,1207747.8023217602,1460234.31,1272873.9567999998,1039594.6642588794
612379.9,529967.4108219814,544408.14,593617.4650999999,768453.1915513092
619369.72,644625.4934272252,572516.57,504706.4539999999,886594.7006374365
337796.13,282925.52658662025,320021.1,313695.6715999999,503713.1877974391
734464.36,719114.5156800719,771686.4,815221.1223000004,964598.7159431594
1508068.77,1553865.3806688408,1899676.88,1719106.9646999983,1367428.669070609
1847990.41,1963625.5494330046,2129035.91,1956805.2812999988,1692102.5807645256
424513.08,411342.2000714425,619498.28,543768.2125000001,601138.8101469239
2097266.85,2102454.35673092,2470206.13,2336557.9859999986,1904066.2040987008
313358.15,309703.35061801726,402985.7,361267.7926999998,504485.11552407016
1436883.99,1587123.1254160332,1840131.19,1489350.5951000007,1341698.6598667826
516424.83,548355.1713472094,527339.52,570781.2064000003,771384.0367252252
900309.75,910050.1967043644,1046816.59,950499.1924000006,974705.7951126783
542009.46,553367.7437007368,619498.28,622465.6902000003,747964.752428317
1734834.82,1899183.1157508236,1771792.97,1855281.304699999,1691037.7369972444
1232073.18,1372320.9677561226,1300104.03,1414361.3734000006,1130910.9793246142
960945.43,1073328.8859177274,1025382.22,1047160.5380999993,948572.6262156132
2018010.15,1966408.8345533656,2271614.76,2108023.274899998,1741740.791314936
1590274.72,2012522.9867243487,2376022.26,2135856.417999999,1827799.1669440423
555652.77,527877.9257755462,630522.67,589232.8976000003,806788.1176961702
577198.97,471114.76514476293,541216.92,565480.6282,710770.10419988
957356.84,824014.9966336092,907110.83,914601.5780000006,990828.6581737278
1048706.75,1027076.312305755,1197489.66,1130291.4121999994,990828.6581737278
1321102.35,1355151.12372855,1352470.09,1411455.0784,1230434.322479451
1999363.49,2055405.5848622234,2565259.92,2281680.257899998,1974317.0029337246
641368.14,800357.1494528828,738812.0,718715.6657000004,952410.196597975
978027.95,965587.6592944511,1197489.66,1095715.9149999993,990828.6581737278
1363155.77,1323104.5859974334,1604605.69,1470239.408699999,1132201.0459675833
1255414.84,1232764.6442292475,1283563.43,1366423.0866000017,1107808.9555903417
685531.85,647384.0953137454,639160.24,711551.5578999993,887423.9163779834
975578.02,939338.7982958866,1200815.3,1010045.5121000006,990828.6581737278
1620374.24,1686299.899826889,1800728.07,1740613.9094000005,1569534.9165766628
1143724.48,1402650.9556545708,1559592.79,1366297.3806000007,1175267.5791288335
516909.24,482407.5228351399,517408.48,550334.6768999996,790089.7008480203
437537.29,468311.69261077617,563578.79,532473.5684999998,620771.617946916
1378730.45,1428571.3987511275,1496169.81,1434183.2528000004,1201625.9966962044
1199292.06,1141247.7517654635,1151258.74,1151139.6021000005,990828.6581737278
254412.34,239959.72729205538,236157.12,269703.1082000004,477239.2618262292
963516.28,918980.5459086471,932679.79,1000970.9583000004,964598.7159431594
829284.67,841422.5837807797,744525.69,858265.1819999993,964598.7159431594
287360.05,433332.8886928264,563578.79,500994.78369999997,565054.842035957
551969.1,559957.1841128509,563578.79,562188.5777,723998.6772486921
428806.46,433036.77960193926,402709.17,444868.0543,557936.819189328
1577486.33,1462469.802864037,1764847.94,1618438.5602999993,1198979.83185679
918170.5,900736.1672803895,1197489.66,1027131.1698000007,990828.6581737278
1326197.24,1207012.2338813029,1460234.31,1272973.1123000002,1039594.6642588794
541406.98,522428.1567157373,515599.7,588353.0567999999,768453.1915513092
623919.23,638567.73938735,572516.57,504706.4539999999,886594.7006374365
323766.77,275474.4770935967,320021.1,314208.1934,503713.1877974391
718125.53,713974.1342682079,771686.4,817618.9181000004,964598.7159431594
1493659.74,1549344.8294258188,1899676.88,1727011.0764999983,1367428.669070609
1834458.35,1959354.4291876578,2129035.91,1960045.0730999992,1692102.5807645256
405432.7,406835.9632558775,619498.28,544934.0642000001,601138.8101469239
2149594.46,2097310.739560019,2470206.13,2336937.1577999983,1904066.2040987008
319550.77,305825.5308938441,402985.7,360455.68199999974,504485.11552407016
1431426.34,1583307.6392810913,1840131.19,1483288.4418000001,1341698.6598667826
495543.28,543132.9847247323,527339.52,570947.7410000003,771384.0367252252
891671.44,905798.1777302413,1046816.59,949711.8480000006,974705.7951126783
549731.49,549000.6019774762,619498.28,625548.6791000001,747964.752428317
1744349.05,1894171.8398730233,1771792.97,1859891.4660999991,1691037.7369972444
1200729.45,1367464.5793958276,1300104.03,1416119.2708000008,1130910.9793246142
974697.6,1068077.7802147693,1025382.22,1047061.2097999993,948572.6262156132
2035189.66,1958141.4019353767,2271614.76,2118670.5762999984,1741740.791314936
1704357.62,2008198.9338180874,2376022.26,2137844.4570999993,1827799.1669440423
558473.6,522966.987484889,630522.67,584907.6011,806788.1176961702
475770.14,466314.6790145631,530492.84,563186.5227000001,710770.10419988
943465.29,814246.2293101341,907110.83,924394.7042000006,990828.6581737278
1127516.25,1022789.9084672868,1197489.66,1115503.9895999997,990828.6581737278
1322117.96,1350331.3207714525,1352470.09,1405319.2536000004,1230434.322479451
2031650.55,2051993.1110887597,2565259.92,2279142.0063999984,1974317.0029337246
675202.87,796215.5373131213,738812.0,722932.6172000004,952410.196597975
1094422.69,960463.375853139,1197489.66,1083436.8137999997,990828.6581737278
1347454.59,1318117.8790695053,1604605.69,1462741.0498999993,1132201.0459675833
1307182.29,1227714.6046399986,1283563.43,1360616.6220000014,1107808.9555903417
688940.94,644441.6879975904,639160.24,715635.5763999996,887423.9163779834
958619.8,934721.4292987012,1197489.66,999979.248600001,990828.6581737278
1703047.74,1681236.9952333379,1800728.07,1724226.7433000004,1569534.9165766628
1213860.61,1397399.8499516128,1559592.79,1375794.0872000006,1175267.5791288335
534970.68,477243.3418365953,517408.48,553967.2981999996,790089.7008480203
439424.5,464170.0804710146,563578.79,532396.882,620771.617946916
1340232.55,1424429.786611366,1496169.81,1427073.1404000001,1201625.9966962044
1219979.29,1133209.9629956374,1185391.96,1157200.4098000003,990828.6581737278
253731.13,235121.1288883685,236157.12,268193.65200000047,477239.2618262292
956987.81,913980.826632841,932679.79,999363.0209000005,964598.7159431594
865137.6,836436.5126686747,760671.1,855674.4409999993,964598.7159431594
272489.41,428215.0458919015,563578.79,500549.0330999999,565054.842035957
534738.43,555023.7416673964,563578.79,562935.3814,723998.6772486921
417290.38,427785.6738989814,402709.17,445420.8349,557936.819189328
1569502.0,1458073.579226935,1764847.94,1621297.9823999992,1198979.83185679
921264.52,896061.2391251662,1197489.66,1017769.9669000008,990828.6581737278
1316542.59,1198298.125004533,1460234.31,1273780.0274,1039594.6642588794
514756.08,517416.880837937,515599.7,587469.6555,768453.1915513092
587603.55,632494.326744435,572516.57,507915.3663999999,886594.7006374365
361067.07,267207.0444756076,320021.1,318208.4656000001,503713.1877974391
760281.43,709650.0813619466,771686.4,813390.4112000003,964598.7159431594
